CLIENT_CODE,SOURCE_KEY,SOURCE_PATH_STORED,SOURCE_PATH_CANONICAL,LINES,MAPPING_BASIS,CONFIDENCE,TARGET_INDIRECT_KEY,TARGET_PATH,GRANULARITY_CHANGED
melbourne_health,1,Non-Clinical > Facilities Management > Hard Facilities Management > Building Repairs and Maintenance > Electrical Installation and Maintenance,Non-Clinical > Facilities Management > Hard Facilities Management > Building Repairs and Maintenance > Electrical Installation and Maintenance,0,exact,1.0,NC-0042,Non-Clinical > Facilities Management > Hard Facilities Management > Building Repairs and Maintenance > Electrical Installation and Maintenance,
melbourne_health,101,Non-Clinical > ICT > Software > Systems Software > (not used at this level),Non-Clinical > ICT > Software > Systems Software,0,ruled_mapped,1.0,NC-0281,Non-Clinical > ICT > ICT Software > Operational and Management Software > Operational and Management Software,YES
melbourne_health,102,Non-Clinical > ICT > Software > Cyber Security Software > (not used at this level),Non-Clinical > ICT > Software > Cyber Security Software,0,ruled_mapped,1.0,NC-0282,Non-Clinical > ICT > ICT Software > Security & Compliance Software > Security & Compliance Software,YES
melbourne_health,103,Non-Clinical > ICT > Software Maintenance & Support > Systems Software > (not used at this level),Non-Clinical > ICT > Software Maintenance & Support > Systems Software,6,ruled_mapped,1.0,NC-0279,Non-Clinical > ICT > ICT Software > ICT Software - Other > ICT Software - Other,YES
melbourne_health,104,Non-Clinical > ICT > Technical Professional Services > ICT Professional Services > (not used at this level),Non-Clinical > ICT > Technical Professional Services > ICT Professional Services,2437,ruled_mapped,1.0,NC-0273,Non-Clinical > ICT > ICT Professional Services > IT Consulting & Strategy > IT Consulting & Strategy,YES
melbourne_health,105,Non-Clinical > ICT > Software Maintenance & Support > Cyber Security Software > (not used at this level),Non-Clinical > ICT > Software Maintenance & Support > Cyber Security Software,0,ruled_mapped,1.0,NC-0279,Non-Clinical > ICT > ICT Software > ICT Software - Other > ICT Software - Other,YES
melbourne_health,106,Non-Clinical > ICT > Hardware > Desktop / Laptop / Smartphones / Tablets / End User Computing > (not used at this level),Non-Clinical > ICT > Hardware > Desktop / Laptop / Smartphones / Tablets / End User Computing,126611,ruled_mapped,1.0,NC-0264,Non-Clinical > ICT > ICT Hardware > End User Devices > End User Devices,YES
melbourne_health,107,Non-Clinical > ICT > Hardware > Desktop / Laptop / Smartphones / Tablets / End User Computing > (not used at this level),Non-Clinical > ICT > Hardware > Desktop / Laptop / Smartphones / Tablets / End User Computing,398,ruled_mapped,1.0,NC-0264,Non-Clinical > ICT > ICT Hardware > End User Devices > End User Devices,YES
melbourne_health,108,Non-Clinical > ICT > Hardware > Desktop / Laptop / Smartphones / Tablets / End User Computing > (not used at this level),Non-Clinical > ICT > Hardware > Desktop / Laptop / Smartphones / Tablets / End User Computing,559,ruled_mapped,1.0,NC-0264,Non-Clinical > ICT > ICT Hardware > End User Devices > End User Devices,YES
melbourne_health,109,Non-Clinical > ICT > Hardware > IT Network Hardware > (not used at this level),Non-Clinical > ICT > Hardware > IT Network Hardware,1623,ruled_mapped,1.0,NC-0269,Non-Clinical > ICT > ICT Hardware > Network Infrastructure > Network Infrastructure,YES
melbourne_health,110,Non-Clinical > ICT > Hardware > Servers > (not used at this level),Non-Clinical > ICT > Hardware > Servers,9,ruled_mapped,1.0,NC-0267,Non-Clinical > ICT > ICT Hardware > ICT Hardware - Other > ICT Hardware - Other,YES
melbourne_health,111,Non-Clinical > ICT > Hardware > Storage > (not used at this level),Non-Clinical > ICT > Hardware > Storage,1,ruled_mapped,1.0,NC-0271,Non-Clinical > ICT > ICT Hardware > Storage & Backup Devices > Storage & Backup Devices,YES
melbourne_health,112,Non-Clinical > ICT > Hardware > Power Supply > (not used at this level),Non-Clinical > ICT > Hardware > Power Supply,0,ruled_mapped,1.0,NC-0269,Non-Clinical > ICT > ICT Hardware > Network Infrastructure > Network Infrastructure,YES
melbourne_health,114,Non-Clinical > ICT > Hardware > Printers and Multi-Function Devices > (not used at this level),Non-Clinical > ICT > Hardware > Printers and Multi-Function Devices,14277,ruled_mapped,1.0,NC-0270,Non-Clinical > ICT > ICT Hardware > Print & Imaging Devices > Print & Imaging Devices,YES
melbourne_health,115,Non-Clinical > ICT > Hardware > Audio Visual Equipment > (not used at this level),Non-Clinical > ICT > Hardware > Audio Visual Equipment,17,ruled_mapped,1.0,NC-0287,Non-Clinical > ICT > Telecommunications > Telephony & Conferencing Systems > Telephony & Conferencing Systems,YES
melbourne_health,116,Non-Clinical > ICT > Hardware Maintenance & Support > Desktop / Laptop / Smartphones / Tablets / End User Computing > (not used at this level),Non-Clinical > ICT > Hardware Maintenance & Support > Desktop / Laptop / Smartphones / Tablets / End User Computing,75,ruled_mapped,1.0,NC-0266,Non-Clinical > ICT > ICT Hardware > Hardware Maintenance & Support > Hardware Maintenance & Support,YES
melbourne_health,119,Non-Clinical > ICT > Hardware Maintenance & Support > IT Network Hardware > (not used at this level),Non-Clinical > ICT > Hardware Maintenance & Support > IT Network Hardware,0,ruled_mapped,1.0,NC-0266,Non-Clinical > ICT > ICT Hardware > Hardware Maintenance & Support > Hardware Maintenance & Support,YES
melbourne_health,12,Non-Clinical > Facilities Management > Soft Facilities Management > Shredding Services > (not used at this level),Non-Clinical > Facilities Management > Soft Facilities Management > Shredding Services,0,ruled_mapped,1.0,NC-0037,Non-Clinical > Corporate Services > Records Management > Shredding Services > Shredding Services,YES
melbourne_health,120,Non-Clinical > ICT > Hardware Maintenance & Support > Servers > (not used at this level),Non-Clinical > ICT > Hardware Maintenance & Support > Servers,56,ruled_mapped,1.0,NC-0266,Non-Clinical > ICT > ICT Hardware > Hardware Maintenance & Support > Hardware Maintenance & Support,YES
melbourne_health,121,Non-Clinical > ICT > Hardware Maintenance & Support > Storage > (not used at this level),Non-Clinical > ICT > Hardware Maintenance & Support > Storage,0,ruled_mapped,1.0,NC-0266,Non-Clinical > ICT > ICT Hardware > Hardware Maintenance & Support > Hardware Maintenance & Support,YES
melbourne_health,122,Non-Clinical > ICT > Hardware Maintenance & Support > Power Supply > (not used at this level),Non-Clinical > ICT > Hardware Maintenance & Support > Power Supply,0,ruled_mapped,1.0,NC-0266,Non-Clinical > ICT > ICT Hardware > Hardware Maintenance & Support > Hardware Maintenance & Support,YES
melbourne_health,123,Non-Clinical > ICT > Hardware Maintenance & Support > Printers and Multi-Function Devices > (not used at this level),Non-Clinical > ICT > Hardware Maintenance & Support > Printers and Multi-Function Devices,10,ruled_mapped,1.0,NC-0266,Non-Clinical > ICT > ICT Hardware > Hardware Maintenance & Support > Hardware Maintenance & Support,YES
melbourne_health,124,Non-Clinical > ICT > Hardware Maintenance & Support > Audio Visual Equipment > (not used at this level),Non-Clinical > ICT > Hardware Maintenance & Support > Audio Visual Equipment,8,ruled_mapped,1.0,NC-0266,Non-Clinical > ICT > ICT Hardware > Hardware Maintenance & Support > Hardware Maintenance & Support,YES
melbourne_health,128,Non-Clinical > ICT > Telecommunications > Mobile voice and data > (not used at this level),Non-Clinical > ICT > Telecommunications > Mobile voice and data,21924,ruled_mapped,1.0,NC-0285,Non-Clinical > ICT > Telecommunications > Mobile Network Services > Mobile Network Services,YES
melbourne_health,129,Non-Clinical > ICT > Telecommunications > Telecommunication Fixed Line Costs > (not used at this level),Non-Clinical > ICT > Telecommunications > Telecommunication Fixed Line Costs,871,ruled_mapped,1.0,NC-0283,Non-Clinical > ICT > Telecommunications > Fixed Line & VoIP Services > Fixed Line & VoIP Services,YES
melbourne_health,130,Non-Clinical > ICT > Telecommunications > Fixed Data (WAN) Services > (not used at this level),Non-Clinical > ICT > Telecommunications > Fixed Data (WAN) Services,21853,ruled_mapped,1.0,NC-0284,Non-Clinical > ICT > Telecommunications > Internet & Broadband Services > Internet & Broadband Services,YES
melbourne_health,131,Non-Clinical > ICT > Telecommunications > Bulk SMS services > (not used at this level),Non-Clinical > ICT > Telecommunications > Bulk SMS services,0,ruled_mapped,1.0,NC-0285,Non-Clinical > ICT > Telecommunications > Mobile Network Services > Mobile Network Services,YES
melbourne_health,132,Non-Clinical > ICT > Technical Services > Project Services > (not used at this level),Non-Clinical > ICT > Technical Services > Project Services,0,ruled_mapped,1.0,NC-0273,Non-Clinical > ICT > ICT Professional Services > IT Consulting & Strategy > IT Consulting & Strategy,YES
melbourne_health,133,Non-Clinical > ICT > Technical Services > Operational Services > (not used at this level),Non-Clinical > ICT > Technical Services > Operational Services,0,ruled_mapped,1.0,NC-0274,Non-Clinical > ICT > ICT Professional Services > Technical Support & Helpdesk > Technical Support & Helpdesk,YES
melbourne_health,138,Non-Clinical > Logistics > Travel > Air Travel > (not used at this level),Non-Clinical > Logistics > Travel > Air Travel,2807,exact,1.0,NC-0291,Non-Clinical > Logistics > Travel > Air Travel > Air Travel,
melbourne_health,140,Non-Clinical > Logistics > Travel > Ground Transport > (not used at this level),Non-Clinical > Logistics > Travel > Ground Transport,1230,exact,1.0,NC-0292,Non-Clinical > Logistics > Travel > Ground Transport > Ground Transport,
melbourne_health,141,Non-Clinical > Logistics > Travel > Hire Car > (not used at this level),Non-Clinical > Logistics > Travel > Hire Car,42497,exact,1.0,NC-0293,Non-Clinical > Logistics > Travel > Taxi & Car Hire > Taxi & Car Hire,
melbourne_health,143,Non-Clinical > Logistics > Travel > Domestic Transport > (not used at this level),Non-Clinical > Logistics > Travel > Domestic Transport,0,ruled_mapped,1.0,NC-0294,Non-Clinical > Logistics > Travel > Transport Domestic > Transport Domestic,YES
melbourne_health,144,Non-Clinical > Logistics > Travel > Accomodation & Meals > (not used at this level),Non-Clinical > Logistics > Travel > Accomodation & Meals,0,exact,1.0,NC-0290,Non-Clinical > Logistics > Travel > Accommodation & Meals > Accommodation & Meals,
melbourne_health,15,Non-Clinical > Facilities Management > Soft Facilities Management > Records Management > (not used at this level),Non-Clinical > Facilities Management > Soft Facilities Management > Records Management,78,ruled_mapped,1.0,NC-0036,Non-Clinical > Corporate Services > Records Management > Document Storage > Document Storage,YES
melbourne_health,154,Non-Clinical > Logistics > Transport > Postage > (not used at this level),Non-Clinical > Logistics > Transport > Postage,467,ruled_mapped,1.0,NC-0004,Non-Clinical > Corporate Services > Courier and Postal Services > Postage > Postage,YES
melbourne_health,159,Non-Clinical > Logistics > Transport > Patient Transport > (not used at this level),Non-Clinical > Logistics > Transport > Patient Transport,1060,exact,1.0,NC-0289,Non-Clinical > Logistics > Transport > Patient Transport > Patient Transport,
melbourne_health,16,"Non-Clinical > Facilities Management > Soft Facilities Management > Furniture, fittings and equipment > (not used at this level)","Non-Clinical > Facilities Management > Soft Facilities Management > Furniture, fittings and equipment",166,exact,1.0,NC-0082,"Non-Clinical > Facilities Management > Soft Facilities Management > Furniture, fittings and equipment > Furniture, fittings and equipment",
melbourne_health,160,Non-Clinical > Logistics > Transport > Courier > (not used at this level),Non-Clinical > Logistics > Transport > Courier,10051,ruled_mapped,1.0,NC-0003,Non-Clinical > Corporate Services > Courier and Postal Services > Courier Services > Courier Services,YES
melbourne_health,161,Non-Clinical > Logistics > Transport > Freight > (not used at this level),Non-Clinical > Logistics > Transport > Freight,1501,exact,1.0,NC-0288,Non-Clinical > Logistics > Transport > Freight > Freight,
melbourne_health,163,Non-Clinical > Fleet and Vehicles > Corporate Fleet Vehicles > Emergency Vehicles > (not used at this level),Non-Clinical > Fleet and Vehicles > Corporate Fleet Vehicles > Emergency Vehicles,0,parent_match,0.75,NC-0096,Non-Clinical > Fleet and Vehicles > Fleet Management > Emergency Vehicles > Emergency Vehicles,
melbourne_health,164,Non-Clinical > Fleet and Vehicles > Corporate Fleet Vehicles > General Vehicles > (not used at this level),Non-Clinical > Fleet and Vehicles > Corporate Fleet Vehicles > General Vehicles,7,exact,1.0,NC-0097,Non-Clinical > Fleet and Vehicles > Fleet Management > General Vehicles > General Vehicles,
melbourne_health,165,Non-Clinical > Fleet and Vehicles > Corporate Fleet Vehicles > Heavy Vehicles > (not used at this level),Non-Clinical > Fleet and Vehicles > Corporate Fleet Vehicles > Heavy Vehicles,0,exact,1.0,NC-0098,Non-Clinical > Fleet and Vehicles > Fleet Management > Heavy Vehicles > Heavy Vehicles,
melbourne_health,166,Non-Clinical > Fleet and Vehicles > Corporate Fleet Vehicles > Specialized Vehicles > (not used at this level),Non-Clinical > Fleet and Vehicles > Corporate Fleet Vehicles > Specialized Vehicles,0,exact,1.0,NC-0099,Non-Clinical > Fleet and Vehicles > Fleet Management > Specialised Vehicles > Specialised Vehicles,
melbourne_health,169,Non-Clinical > Fleet and Vehicles > Fuels & Oil > Petrol and Diesel > (not used at this level),Non-Clinical > Fleet and Vehicles > Fuels & Oil > Petrol and Diesel,0,exact,1.0,NC-0102,Non-Clinical > Fleet and Vehicles > Fleet Operating Costs > Petrol and Diesel > Petrol and Diesel,
melbourne_health,17,"Non-Clinical > Facilities Management > Soft Facilities Management > Furniture, fittings and equipment > (not used at this level)","Non-Clinical > Facilities Management > Soft Facilities Management > Furniture, fittings and equipment",149,exact,1.0,NC-0082,"Non-Clinical > Facilities Management > Soft Facilities Management > Furniture, fittings and equipment > Furniture, fittings and equipment",
melbourne_health,170,Non-Clinical > Fleet and Vehicles > Parking & Tolls > (not used at this level) > (not used at this level),Non-Clinical > Fleet and Vehicles > Parking & Tolls,14274,ruled_mapped,1.0,NC-0101,Non-Clinical > Fleet and Vehicles > Fleet Operating Costs > Parking & Tolls > Parking & Tolls,YES
melbourne_health,171,Non-Clinical > Fleet and Vehicles > Vehicle Insurance > (not used at this level) > (not used at this level),Non-Clinical > Fleet and Vehicles > Vehicle Insurance,0,ruled_mapped,1.0,NC-0103,Non-Clinical > Fleet and Vehicles > Fleet Operating Costs > Vehicle Insurance > Vehicle Insurance,YES
melbourne_health,172,Non-Clinical > Fleet and Vehicles > Vehicle Leasing > (not used at this level) > (not used at this level),Non-Clinical > Fleet and Vehicles > Vehicle Leasing,20294,ruled_mapped,1.0,NC-0100,Non-Clinical > Fleet and Vehicles > Fleet Management > Vehicle Leasing > Vehicle Leasing,YES
melbourne_health,173,Non-Clinical > Fleet and Vehicles > Vehicle Registration > (not used at this level) > (not used at this level),Non-Clinical > Fleet and Vehicles > Vehicle Registration,224,ruled_mapped,1.0,NC-0104,Non-Clinical > Fleet and Vehicles > Fleet Operating Costs > Vehicle Registration > Vehicle Registration,YES
melbourne_health,174,Non-Clinical > Fleet and Vehicles > Vehicle Repair and Maintenance > Towing and Miscellaneous vehicle components > (not used at this level),Non-Clinical > Fleet and Vehicles > Vehicle Repair and Maintenance > Towing and Miscellaneous vehicle components,0,ruled_mapped,1.0,NC-0105,Non-Clinical > Fleet and Vehicles > Fleet Operating Costs > Vehicle Repair and Maintenance > Towing and Miscellaneous vehicle components,YES
melbourne_health,175,Non-Clinical > Fleet and Vehicles > Vehicle Repair and Maintenance > Vehicle Repairs and Maintenance > (not used at this level),Non-Clinical > Fleet and Vehicles > Vehicle Repair and Maintenance > Vehicle Repairs and Maintenance,6948,ruled_mapped,1.0,NC-0106,Non-Clinical > Fleet and Vehicles > Fleet Operating Costs > Vehicle Repair and Maintenance > Vehicle Repair and Maintenance - Other,YES
melbourne_health,176,Non-Clinical > Property > Property Management > Venue Hire > (not used at this level),Non-Clinical > Property > Property Management > Venue Hire,0,ruled_mapped,1.0,NP-0012,Non-Procurement > Property Management > Venue Hire > Venue Hire > Venue Hire,YES
melbourne_health,177,Non-Clinical > Property > Property Management > Property Leases > (not used at this level),Non-Clinical > Property > Property Management > Property Leases,4,ruled_mapped,1.0,NP-0010,Non-Procurement > Property Management > Property Leases > Property Leases > Property Leases,YES
melbourne_health,178,Non-Clinical > Staff Related Cost > Employee Benefits > Employee Benefits > (not used at this level),Non-Clinical > Staff Related Cost > Employee Benefits,2,ruled_mapped,1.0,NC-0020,Non-Clinical > Corporate Services > HR Services > Employee Benefits > Employee Benefits,YES
melbourne_health,179,Non-Clinical > Recruitment and Agency > Recruitment & Temp Staff > Agency Fees > (not used at this level),Non-Clinical > Recruitment and Agency > Recruitment & Temp Staff > Agency Fees,131,ruled_mapped,1.0,NC-0024,Non-Clinical > Corporate Services > HR Services > Recruitment & Temp Staff > Agency Fees,YES
melbourne_health,180,Non-Clinical > Recruitment and Agency > Recruitment & Temp Staff > Advertising > (not used at this level),Non-Clinical > Recruitment and Agency > Recruitment & Temp Staff > Advertising,2,ruled_mapped,1.0,NC-0023,Non-Clinical > Corporate Services > HR Services > Recruitment & Temp Staff > Advertising,YES
melbourne_health,181,Non-Clinical > Recruitment and Agency > Recruitment & Temp Staff > Other Contingent Staff > (not used at this level),Non-Clinical > Recruitment and Agency > Recruitment & Temp Staff > Other Contingent Staff,3766,ruled_mapped,1.0,NC-0029,Non-Clinical > Corporate Services > HR Services > Recruitment & Temp Staff > Other Contingent Staff,YES
melbourne_health,187,Non-Clinical > Recruitment and Agency > Recruitment & Temp Staff > Contract Labour > (not used at this level),Non-Clinical > Recruitment and Agency > Recruitment & Temp Staff > Contract Labour,0,ruled_mapped,1.0,NC-0025,Non-Clinical > Corporate Services > HR Services > Recruitment & Temp Staff > Contract Labour,YES
melbourne_health,19,Non-Clinical > Facilities Management > Soft Facilities Management > Stationery & Printing > (not used at this level),Non-Clinical > Facilities Management > Soft Facilities Management > Stationery & Printing,15468,ruled_mapped,1.0,NC-0349,Non-Clinical > Corporate Services > General Admin Supplies > Stationery & Printing > Stationery & Printing,YES
melbourne_health,192,Non-Clinical > Staff Related Cost > Staff Training and Development > Staff Training and Development > (not used at this level),Non-Clinical > Staff Related Cost > Staff Training and Development,32087,ruled_mapped,1.0,NC-0031,Non-Clinical > Corporate Services > HR Services > Staff Training and Development > Staff Training and Development,YES
melbourne_health,199,Non-Clinical > Marketing and Advertising > Advertising Services > Magazine Newspaper > (not used at this level),Non-Clinical > Marketing and Advertising > Advertising Services > Magazine Newspaper,10,exact,1.0,NC-0298,Non-Clinical > Marketing and Advertising > Advertising Services > Magazine Newspaper > Magazine Newspaper,
melbourne_health,2,Non-Clinical > Facilities Management > Hard Facilities Management > Building Repairs and Maintenance > Electrical Installation and Maintenance,Non-Clinical > Facilities Management > Hard Facilities Management > Building Repairs and Maintenance > Electrical Installation and Maintenance,10,exact,1.0,NC-0042,Non-Clinical > Facilities Management > Hard Facilities Management > Building Repairs and Maintenance > Electrical Installation and Maintenance,
melbourne_health,20,Non-Clinical > Facilities Management > Soft Facilities Management > Stationery & Printing > (not used at this level),Non-Clinical > Facilities Management > Soft Facilities Management > Stationery & Printing,14815,ruled_mapped,1.0,NC-0349,Non-Clinical > Corporate Services > General Admin Supplies > Stationery & Printing > Stationery & Printing,YES
melbourne_health,200,Non-Clinical > Marketing and Advertising > Advertising Services > Media - Banners > (not used at this level),Non-Clinical > Marketing and Advertising > Advertising Services > Media - Banners,6,exact,1.0,NC-0299,Non-Clinical > Marketing and Advertising > Advertising Services > Media - Banners > Media - Banners,
melbourne_health,202,Non-Clinical > Marketing and Advertising > Advertising Services > Media - Signage > (not used at this level),Non-Clinical > Marketing and Advertising > Advertising Services > Media - Signage,0,exact,1.0,NC-0300,Non-Clinical > Marketing and Advertising > Advertising Services > Media - Signage > Media - Signage,
melbourne_health,203,Non-Clinical > Marketing and Advertising > Advertising Services > Radio TV Cable & Internet > (not used at this level),Non-Clinical > Marketing and Advertising > Advertising Services > Radio TV Cable & Internet,4,exact,1.0,NC-0301,Non-Clinical > Marketing and Advertising > Advertising Services > Radio TV Cable & Internet > Radio TV Cable & Internet,
melbourne_health,206,Non-Clinical > Marketing and Advertising > Marketing > Subscriptions and Publications > (not used at this level),Non-Clinical > Marketing and Advertising > Marketing > Subscriptions and Publications,0,exact,1.0,NC-0309,Non-Clinical > Marketing and Advertising > Marketing > Subscriptions and Publications > Subscriptions and Publications,
melbourne_health,208,Non-Clinical > Marketing and Advertising > Marketing > Events Celebrity Sponsorships > (not used at this level),Non-Clinical > Marketing and Advertising > Marketing > Events Celebrity Sponsorships,0,exact,1.0,NC-0303,Non-Clinical > Marketing and Advertising > Marketing > Events Celebrity Sponsorships > Events Celebrity Sponsorships,
melbourne_health,209,Non-Clinical > Marketing and Advertising > Marketing > Lobbying & Public Relations > (not used at this level),Non-Clinical > Marketing and Advertising > Marketing > Lobbying & Public Relations,0,exact,1.0,NC-0304,Non-Clinical > Marketing and Advertising > Marketing > Lobbying & Public Relations > Lobbying & Public Relations,
melbourne_health,212,Non-Clinical > Marketing and Advertising > Marketing > Meetings and Events > (not used at this level),Non-Clinical > Marketing and Advertising > Marketing > Meetings and Events,0,exact,1.0,NC-0307,Non-Clinical > Marketing and Advertising > Marketing > Meetings and Events > Meetings and Events,
melbourne_health,213,Non-Clinical > Marketing and Advertising > Marketing > Marketing Agencies > (not used at this level),Non-Clinical > Marketing and Advertising > Marketing > Marketing Agencies,0,exact,1.0,NC-0306,Non-Clinical > Marketing and Advertising > Marketing > Marketing Agencies > Marketing Agencies,
melbourne_health,214,Non-Clinical > Marketing and Advertising > Marketing > Promotional Gifts > (not used at this level),Non-Clinical > Marketing and Advertising > Marketing > Promotional Gifts,0,exact,1.0,NC-0308,Non-Clinical > Marketing and Advertising > Marketing > Promotional Gifts > Promotional Gifts,
melbourne_health,22,Non-Clinical > Facilities Management > Soft Facilities Management > General Office Supplies > (not used at this level),Non-Clinical > Facilities Management > Soft Facilities Management > General Office Supplies,2700,exact,1.0,NC-0083,Non-Clinical > Facilities Management > Soft Facilities Management > General Office Supplies > General Office Supplies,
melbourne_health,222,Non-Clinical > Marketing and Advertising > Printing & Direct Mail > Promotional Print > (not used at this level),Non-Clinical > Marketing and Advertising > Printing & Direct Mail > Promotional Print,7,exact,1.0,NC-0312,Non-Clinical > Marketing and Advertising > Printing & Direct Mail > Promotional Print > Promotional Print,
melbourne_health,223,Non-Clinical > Marketing and Advertising > Printing & Direct Mail > Commercial Print > (not used at this level),Non-Clinical > Marketing and Advertising > Printing & Direct Mail > Commercial Print,21,exact,1.0,NC-0310,Non-Clinical > Marketing and Advertising > Printing & Direct Mail > Commercial Print > Commercial Print,
melbourne_health,224,Non-Clinical > Marketing and Advertising > Printing & Direct Mail > Direct Mail > (not used at this level),Non-Clinical > Marketing and Advertising > Printing & Direct Mail > Direct Mail,0,exact,1.0,NC-0311,Non-Clinical > Marketing and Advertising > Printing & Direct Mail > Direct Mail > Direct Mail,
melbourne_health,225,Non-Clinical > Equipment Hire > Heavy Machinery > (not used at this level) > (not used at this level),Non-Clinical > Equipment Hire > Heavy Machinery,0,ruled_mapped,1.0,NC-0048,Non-Clinical > Facilities Management > Hard Facilities Management > Equipment Hire > Heavy Machinery,YES
melbourne_health,226,Non-Clinical > Equipment Hire > Light Machinery > (not used at this level) > (not used at this level),Non-Clinical > Equipment Hire > Light Machinery,0,ruled_mapped,1.0,NC-0049,Non-Clinical > Facilities Management > Hard Facilities Management > Equipment Hire > Light Machinery,YES
melbourne_health,227,Non-Clinical > Equipment Hire > Portable Buildings > (not used at this level) > (not used at this level),Non-Clinical > Equipment Hire > Portable Buildings,0,ruled_mapped,1.0,NC-0050,Non-Clinical > Facilities Management > Hard Facilities Management > Equipment Hire > Portable Buildings,YES
melbourne_health,23,Non-Clinical > Facilities Management > Soft Facilities Management > Bed & bathing > (not used at this level),Non-Clinical > Facilities Management > Soft Facilities Management > Bed & bathing,427,ruled_mapped,1.0,NC-0074,Non-Clinical > Facilities Management > Soft Facilities Management > Consumables & Disposables > Bed Protection Paper,YES
melbourne_health,232,Non-Clinical > Non-Procurement > Supply Costs & Recoveries > Price Variances > (not used at this level),Non-Clinical > Non-Procurement > Supply Costs & Recoveries > Price Variances,0,ruled_mapped,1.0,NC-0016,Non-Clinical > Corporate Services > Financial Services > Price Variances > Price Variances,YES
melbourne_health,233,Non-Clinical > Non-Procurement > Supply Costs & Recoveries > Loans > (not used at this level),Non-Clinical > Non-Procurement > Supply Costs & Recoveries > Loans,0,ruled_mapped,1.0,NC-0013,Non-Clinical > Corporate Services > Financial Services > Loans > Loans,YES
melbourne_health,234,Non-Clinical > Non-Procurement > Insurances > Workers Compensations > (not used at this level),Non-Clinical > Non-Procurement > Insurances > Workers Compensations,0,ruled_mapped,1.0,NC-0018,Non-Clinical > Corporate Services > Financial Services > Workers Compensation Insurance > Workers Compensation Insurance,YES
melbourne_health,235,Non-Clinical > Non-Procurement > Insurances > Medical Liability > (not used at this level),Non-Clinical > Non-Procurement > Insurances > Medical Liability,62,ruled_mapped,1.0,NC-0014,Non-Clinical > Corporate Services > Financial Services > Medical Liability > Medical Liability,YES
melbourne_health,236,Non-Clinical > Non-Procurement > Insurances > Other Insurances > (not used at this level),Non-Clinical > Non-Procurement > Insurances > Other Insurances,0,ruled_mapped,1.0,NC-0015,Non-Clinical > Corporate Services > Financial Services > Other Insurances > Other Insurances,YES
melbourne_health,237,Non-Clinical > Non-Procurement > Re-imbursements > Information Systems > (not used at this level),Non-Clinical > Non-Procurement > Re-imbursements > Information Systems,0,ruled_mapped,1.0,NP-0015,Non-Procurement > Reimbursements > Information Systems > Information Systems > Information Systems,YES
melbourne_health,238,Non-Clinical > Non-Procurement > Re-imbursements > HR / Finance > (not used at this level),Non-Clinical > Non-Procurement > Re-imbursements > HR / Finance,0,ruled_mapped,1.0,NP-0014,Non-Procurement > Reimbursements > HR / Finance > HR / Finance > HR / Finance,YES
melbourne_health,239,Non-Clinical > Non-Procurement > Re-imbursements > Others > (not used at this level),Non-Clinical > Non-Procurement > Re-imbursements > Others,52,ruled_mapped,1.0,NP-0017,Non-Procurement > Reimbursements > Reimbursements - Other > Reimbursements - Other > Reimbursements - Other,YES
melbourne_health,24,Non-Clinical > Facilities Management > Soft Facilities Management > Chemical Sterilisation Services > (not used at this level),Non-Clinical > Facilities Management > Soft Facilities Management > Chemical Sterilisation Services,0,exact,1.0,NC-0068,Non-Clinical > Facilities Management > Soft Facilities Management > Chemical Sterilisation Services > Chemical Sterilisation Services,
melbourne_health,240,Non-Clinical > Non-Procurement > Depreciation & Amortisation > Depreciation > (not used at this level),Non-Clinical > Non-Procurement > Depreciation & Amortisation > Depreciation,0,ruled_mapped,1.0,NP-0003,Non-Procurement > Depreciation & Amortisation > Depreciation > Depreciation > Depreciation,YES
melbourne_health,241,Non-Clinical > Non-Procurement > Depreciation & Amortisation > Amortisation > (not used at this level),Non-Clinical > Non-Procurement > Depreciation & Amortisation > Amortisation,0,ruled_mapped,1.0,NP-0002,Non-Procurement > Depreciation & Amortisation > Amortisation > Amortisation > Amortisation,YES
melbourne_health,242,"Non-Clinical > Non-Procurement > Other Non-Compressible > Rates, Taxes and Adjustments > (not used at this level)","Non-Clinical > Non-Procurement > Other Non-Compressible > Rates, Taxes and Adjustments",107,ruled_mapped,1.0,NC-0017,"Non-Clinical > Corporate Services > Financial Services > Rates, Taxes and Adjustments > Rates, Taxes and Adjustments",YES
melbourne_health,243,Non-Clinical > Non-Procurement > Other Non-Compressible > Government Fees > (not used at this level),Non-Clinical > Non-Procurement > Other Non-Compressible > Government Fees,84,ruled_mapped,1.0,NP-0005,Non-Procurement > Government Fees > Government Fees > Government Fees > Government Fees,YES
melbourne_health,244,Non-Clinical > Non-Procurement > Property Management > Levies and Outgoings > (not used at this level),Non-Clinical > Non-Procurement > Property Management > Levies and Outgoings,0,ruled_mapped,1.0,NP-0009,Non-Procurement > Property Management > Levies and Outgoings > Levies and Outgoings > Levies and Outgoings,YES
melbourne_health,245,Non-Clinical > Non-Procurement > Corporate Services > Gifts and Donation > (not used at this level),Non-Clinical > Non-Procurement > Corporate Services > Gifts and Donation,0,ruled_mapped,1.0,NC-0021,Non-Clinical > Corporate Services > HR Services > Gifts and Donations > Gifts and Donations,YES
melbourne_health,247,Non-Clinical > Non-Procurement > Corporate Services > Commission > (not used at this level),Non-Clinical > Non-Procurement > Corporate Services > Commission,0,ruled_mapped,1.0,NP-0001,Non-Procurement > Commission / Rebate > Commission / Rebate > Commission / Rebate > Commission / Rebate,YES
melbourne_health,248,Non-Clinical > Non-Procurement > Credit Card Expenses > (not used at this level) > (not used at this level),Non-Clinical > Non-Procurement > Credit Card Expenses,0,ruled_mapped,1.0,NC-0005,Non-Clinical > Corporate Services > Credit Card Expenses > Credit Card Expenses > Credit Card Expenses,YES
melbourne_health,25,Non-Clinical > Facilities Management > Soft Facilities Management > Cleaning Services > (not used at this level),Non-Clinical > Facilities Management > Soft Facilities Management > Cleaning Services,1946,exact,1.0,NC-0073,Non-Clinical > Facilities Management > Soft Facilities Management > Cleaning Services > Cleaning Services,
melbourne_health,2583,Non-Clinical > Facilities Management > Hard Facilities Management > Building Repairs and Maintenance > Auto Doors,Non-Clinical > Facilities Management > Hard Facilities Management > Building Repairs and Maintenance > Auto Doors,0,exact,1.0,NC-0039,Non-Clinical > Facilities Management > Hard Facilities Management > Building Repairs and Maintenance > Auto Doors,
melbourne_health,2584,Non-Clinical > Facilities Management > Hard Facilities Management > Fires Safety and Security > Emergency Lighting Installation and Maintenance,Non-Clinical > Facilities Management > Hard Facilities Management > Fires Safety and Security > Emergency Lighting Installation and Maintenance,0,exact,1.0,NC-0053,Non-Clinical > Facilities Management > Hard Facilities Management > Fire Safety and Security > Emergency Lighting Installation and Maintenance,
melbourne_health,2585,Non-Clinical > Facilities Management > Soft Facilities Management > Equipment Maintenance & Testing > Food Services Equipment Maintenance,Non-Clinical > Facilities Management > Soft Facilities Management > Equipment Maintenance & Testing > Food Services Equipment Maintenance,0,parent_match,0.8,NC-0078,Non-Clinical > Facilities Management > Soft Facilities Management > Equipment Maintenance & Testing > Food Services Equipment Maintenance,
melbourne_health,2586,Non-Clinical > Facilities Management > Soft Facilities Management > Equipment Maintenance & Testing > Industrial Laundry and Dry Cleaning Equipment Maintenance,Non-Clinical > Facilities Management > Soft Facilities Management > Equipment Maintenance & Testing > Industrial Laundry and Dry Cleaning Equipment Maintenance,0,exact,1.0,NC-0079,Non-Clinical > Facilities Management > Soft Facilities Management > Equipment Maintenance & Testing > Industrial Laundry and Dry Cleaning Equipment Maintenance,
melbourne_health,2587,Non-Clinical > Facilities Management > Soft Facilities Management > Equipment Maintenance & Testing > Mandatory Safety Testing,Non-Clinical > Facilities Management > Soft Facilities Management > Equipment Maintenance & Testing > Mandatory Safety Testing,0,exact,1.0,NC-0080,Non-Clinical > Facilities Management > Soft Facilities Management > Equipment Maintenance & Testing > Mandatory Safety Testing,
melbourne_health,2588,Non-Clinical > Facilities Management > Soft Facilities Management > Linen Supply > (not used at this level),Non-Clinical > Facilities Management > Soft Facilities Management > Linen Supply,0,exact,1.0,NC-0085,Non-Clinical > Facilities Management > Soft Facilities Management > Linen Supply > Linen Supply,
melbourne_health,2589,Non-Clinical > ICT > Hardware > Nurse Call Systems > (not used at this level),Non-Clinical > ICT > Hardware > Nurse Call Systems,137,ruled_mapped,1.0,NC-0267,Non-Clinical > ICT > ICT Hardware > ICT Hardware - Other > ICT Hardware - Other,YES
melbourne_health,2591,Non-Clinical > Resident and Client Services > Indirect Care Services > Trade-based Services > (not used at this level),Non-Clinical > Resident and Client Services > Indirect Care Services > Trade-based Services,241,ruled_mapped,1.0,NP-0007,Non-Procurement > Medical Services Rendered > Medical Services Rendered - Other > Medical Services Rendered - Other > Medical Services Rendered - Other,YES
melbourne_health,26,Non-Clinical > Facilities Management > Soft Facilities Management > Laundry Services > (not used at this level),Non-Clinical > Facilities Management > Soft Facilities Management > Laundry Services,8790,exact,1.0,NC-0084,Non-Clinical > Facilities Management > Soft Facilities Management > Laundry Services > Laundry Services,
melbourne_health,260,Non-Clinical > Facilities Management > Hard Facilities Management > Locksmith Services > Locksmith Services,Non-Clinical > Facilities Management > Hard Facilities Management > Locksmith Services,1057,ruled_mapped,1.0,NC-0055,Non-Clinical > Facilities Management > Hard Facilities Management > Fire Safety and Security > Locksmith Services,YES
melbourne_health,27,Non-Clinical > Facilities Management > Soft Facilities Management > Other Support Services > (not used at this level),Non-Clinical > Facilities Management > Soft Facilities Management > Other Support Services,0,exact,1.0,NC-0086,Non-Clinical > Facilities Management > Soft Facilities Management > Other Support Services > Other Support Services,
melbourne_health,28,Non-Clinical > Facilities Management > Soft Facilities Management > Painting & Decorating Services > (not used at this level),Non-Clinical > Facilities Management > Soft Facilities Management > Painting & Decorating Services,0,ruled_mapped,1.0,NC-0046,Non-Clinical > Facilities Management > Hard Facilities Management > Building Repairs and Maintenance > Painting & Decorating Services,YES
melbourne_health,2971,Non-Clinical > Facilities Management > Soft Facilities Management > Cleaning Equipment & Supplies > Hand or body cleanser,Non-Clinical > Facilities Management > Soft Facilities Management > Cleaning Equipment & Supplies > Hand or body cleanser,13854,parent_match,0.8,NC-0071,Non-Clinical > Facilities Management > Soft Facilities Management > Cleaning Equipment & Supplies > Sanitisers,
melbourne_health,2977,Non-Clinical > Marketing and Advertising > Fund Raising Program > Home Lottery Program > Home Lottery Program,Non-Clinical > Marketing and Advertising > Fund Raising Program > Home Lottery Program,17543,ruled_kept,1.0,NC-0302,Non-Clinical > Marketing and Advertising > Fund Raising Program > Home Lottery Program > Home Lottery Program,
melbourne_health,2981,Non-Clinical > Marketing and Advertising > Not Yet Categorized > Not Yet Categorized > Not Yet Categorized,Non-Clinical > Marketing and Advertising > Not Yet Categorized,0,dropped_by_ruling,1.0,,,YES
melbourne_health,2982,Non-Clinical > Equipment Hire > Not Yet Categorized > Not Yet Categorized > Not Yet Categorized,Non-Clinical > Equipment Hire > Not Yet Categorized,0,dropped_by_ruling,1.0,,,YES
melbourne_health,2983,Non-Clinical > Facilities Management > Not Yet Categorized > Not Yet Categorized > Not Yet Categorized,Non-Clinical > Facilities Management > Not Yet Categorized,23084,dropped_by_ruling,1.0,,,YES
melbourne_health,2984,Non-Clinical > Fleet and Vehicles > Not Yet Categorized > Not Yet Categorized > Not Yet Categorized,Non-Clinical > Fleet and Vehicles > Not Yet Categorized,0,dropped_by_ruling,1.0,,,YES
melbourne_health,2985,Non-Clinical > Construction > Not Yet Categorized > Not Yet Categorized > Not Yet Categorized,Non-Clinical > Construction > Not Yet Categorized,8,dropped_by_ruling,1.0,,,YES
melbourne_health,2986,Non-Clinical > Food and Beverage > Not Yet Categorized > Not Yet Categorized > Not Yet Categorized,Non-Clinical > Food & Beverages > Not Yet Categorized,97769,dropped_by_ruling,1.0,,,YES
melbourne_health,2987,Non-Clinical > ICT > Not Yet Categorized > Not Yet Categorized > Not Yet Categorized,Non-Clinical > ICT > Not Yet Categorized,27345,dropped_by_ruling,1.0,,,YES
melbourne_health,2988,Non-Clinical > Logistics > Not Yet Categorized > Not Yet Categorized > Not Yet Categorized,Non-Clinical > Logistics > Not Yet Categorized,0,dropped_by_ruling,1.0,,,YES
melbourne_health,2989,Non-Procurement > Non-Procurement > Not Yet Categorized > Not Yet Categorized > Not Yet Categorized,Non-Procurement > Not Yet Categorized,1917,dropped_by_ruling,1.0,,,YES
melbourne_health,2990,Non-Clinical > Professional Services > Not Yet Categorized > Not Yet Categorized > Not Yet Categorized,Non-Clinical > Professional Services > Not Yet Categorized,61,dropped_by_ruling,1.0,,,YES
melbourne_health,2991,Non-Clinical > Property > Not Yet Categorized > Not Yet Categorized > Not Yet Categorized,Non-Clinical > Property > Not Yet Categorized,227,ruled_mapped,1.0,NP-0011,Non-Procurement > Property Management > Property Management - Other > Property Management - Other > Property Management - Other,YES
melbourne_health,2992,Non-Clinical > Staff Related Cost > Not Yet Categorized > Not Yet Categorized > Not Yet Categorized,Non-Clinical > Staff Related Cost > Not Yet Categorized,0,ruled_mapped,1.0,NC-0022,Non-Clinical > Corporate Services > HR Services > HR Services - Other > HR Services - Other,YES
melbourne_health,2993,Non-Clinical > Recruitment and Agency > Not Yet Categorized > Not Yet Categorized > Not Yet Categorized,Non-Clinical > Recruitment and Agency > Not Yet Categorized,1646,ruled_mapped,1.0,NC-0022,Non-Clinical > Corporate Services > HR Services > HR Services - Other > HR Services - Other,YES
melbourne_health,2994,Non-Clinical > Resident and Client Services > Not Yet Categorized > Not Yet Categorized > Not Yet Categorized,Non-Clinical > Resident and Client Services > Not Yet Categorized,0,dropped_by_ruling,1.0,,,YES
melbourne_health,3,Non-Clinical > Facilities Management > Soft Facilities Management > Catering Services > (not used at this level),Non-Clinical > Facilities Management > Soft Facilities Management > Catering Services,14829,ruled_mapped,1.0,NC-0066,Non-Clinical > Facilities Management > Soft Facilities Management > Catering Services > Catering Services - Other,YES
melbourne_health,30,Non-Clinical > Facilities Management > Soft Facilities Management > Pest Control Services > (not used at this level),Non-Clinical > Facilities Management > Soft Facilities Management > Pest Control Services,299,exact,1.0,NC-0088,Non-Clinical > Facilities Management > Soft Facilities Management > Pest Control Services > Pest Control Services,
melbourne_health,31,Non-Clinical > Facilities Management > Soft Facilities Management > Portering Services > (not used at this level),Non-Clinical > Facilities Management > Soft Facilities Management > Portering Services,0,parent_match,0.75,NC-0089,Non-Clinical > Facilities Management > Soft Facilities Management > Portering Services > Portering Services,
melbourne_health,32,Non-Clinical > Facilities Management > Soft Facilities Management > Security Services > (not used at this level),Non-Clinical > Facilities Management > Soft Facilities Management > Security Services,759,exact,1.0,NC-0090,Non-Clinical > Facilities Management > Soft Facilities Management > Security Services > Security Services,
melbourne_health,33,Non-Clinical > Facilities Management > Soft Facilities Management > Waste Management / Disposal Services > (not used at this level),Non-Clinical > Facilities Management > Soft Facilities Management > Waste Management / Disposal Services,20138,ruled_mapped,1.0,NC-0061,Non-Clinical > Facilities Management > Hard Facilities Management > Waste Management > Waste Management and Disposal,YES
melbourne_health,34,Non-Clinical > Facilities Management > Soft Facilities Management > Utilities > Electricity,Non-Clinical > Facilities Management > Soft Facilities Management > Utilities > Electricity,4061,ruled_mapped,1.0,NC-0057,Non-Clinical > Facilities Management > Hard Facilities Management > Utilities > Electricity,YES
melbourne_health,347,Non-Clinical > Facilities Management > Hard Facilities Management > Building Repairs and Maintenance > Electrical Installation and Maintenance,Non-Clinical > Facilities Management > Hard Facilities Management > Building Repairs and Maintenance > Electrical Installation and Maintenance,325,exact,1.0,NC-0042,Non-Clinical > Facilities Management > Hard Facilities Management > Building Repairs and Maintenance > Electrical Installation and Maintenance,
melbourne_health,35,Non-Clinical > Facilities Management > Soft Facilities Management > Utilities > Gas,Non-Clinical > Facilities Management > Soft Facilities Management > Utilities > Gas,502,ruled_mapped,1.0,NC-0058,Non-Clinical > Facilities Management > Hard Facilities Management > Utilities > Gas,YES
melbourne_health,36,Non-Clinical > Facilities Management > Soft Facilities Management > Utilities > Water and Sewerage,Non-Clinical > Facilities Management > Soft Facilities Management > Utilities > Water and Sewerage,1184,ruled_mapped,1.0,NC-0059,Non-Clinical > Facilities Management > Hard Facilities Management > Utilities > Water and Sewerage,YES
melbourne_health,37,"Non-Clinical > Facilities Management > Soft Facilities Management > Apparel, Uniforms & Clothing > Other Clothing","Non-Clinical > Facilities Management > Soft Facilities Management > Apparel, Uniforms & Clothing > Other Clothing",2,exact,1.0,NC-0064,"Non-Clinical > Facilities Management > Soft Facilities Management > Apparel, Uniforms & Clothing > Other Clothing",
melbourne_health,372,Non-Clinical > Food and Beverage > Grains or Legume > Pulse Grain > (not used at this level),Non-Clinical > Food & Beverages > Grains or Legume > Pulse Grain,0,ruled_mapped,1.0,NC-0179,Non-Clinical > Food & Beverages > Dry Rations > Grains > Grains,YES
melbourne_health,373,Non-Clinical > Food and Beverage > Infant Food > Formula Milk > (not used at this level),Non-Clinical > Food & Beverages > Infant Food > Formula Milk,0,unmapped,0.0,NC-0200,Non-Clinical > Food & Beverages > Infant Food > Formula Milk > Formula Milk,
melbourne_health,374,Non-Clinical > Food and Beverage > Dried Foods > Nuts and seeds > (not used at this level),Non-Clinical > Food & Beverages > Dried Foods > Nuts and seeds,20,ruled_mapped,1.0,NC-0180,Non-Clinical > Food & Beverages > Dry Rations > Nuts > Nuts,YES
melbourne_health,375,"Non-Clinical > Food and Beverage > Fresh Foods > Meat, poultry and eggs products > (not used at this level)","Non-Clinical > Food & Beverages > Fresh Foods > Meat, poultry and eggs products",2792,ruled_mapped,1.0,NC-0203,Non-Clinical > Food & Beverages > Meat > Meat - Other > Meat - Other,YES
melbourne_health,376,Non-Clinical > Food and Beverage > Fresh Foods > Seafood > (not used at this level),Non-Clinical > Food & Beverages > Fresh Foods > Seafood,841,ruled_mapped,1.0,NC-0263,Non-Clinical > Food & Beverages > Seafood > Seafood > Seafood,YES
melbourne_health,377,Non-Clinical > Food and Beverage > Dairy Products > Yoghurt > (not used at this level),Non-Clinical > Food & Beverages > Dairy Products > Yoghurt,0,ruled_mapped,1.0,NC-0171,Non-Clinical > Food & Beverages > Dairy > Yoghurt > Yoghurt,YES
melbourne_health,378,Non-Clinical > Food and Beverage > Dairy Products > Milk > (not used at this level),Non-Clinical > Food & Beverages > Dairy Products > Milk,51,ruled_mapped,1.0,NC-0169,Non-Clinical > Food & Beverages > Dairy > Milk > Milk,YES
melbourne_health,379,Non-Clinical > Food and Beverage > Dairy Products > Cheese > (not used at this level),Non-Clinical > Food & Beverages > Dairy Products > Cheese,0,ruled_mapped,1.0,NC-0164,Non-Clinical > Food & Beverages > Dairy > Cheese > Cheese,YES
melbourne_health,38,"Non-Clinical > Facilities Management > Soft Facilities Management > Apparel, Uniforms & Clothing > Corporate uniforms","Non-Clinical > Facilities Management > Soft Facilities Management > Apparel, Uniforms & Clothing > Corporate uniforms",96,exact,1.0,NC-0063,"Non-Clinical > Facilities Management > Soft Facilities Management > Apparel, Uniforms & Clothing > Corporate uniforms",
melbourne_health,380,Non-Clinical > Food and Beverage > Edible oils and fats > Edible oils and fats > (not used at this level),Non-Clinical > Food & Beverages > Edible oils and fats,0,ruled_mapped,1.0,NC-0160,Non-Clinical > Food & Beverages > Cooking Oil > Cooking Oil - Other > Cooking Oil - Other,YES
melbourne_health,381,Non-Clinical > Food and Beverage > Bakery and Confectionary Products > Chocolate and sugars and sweeteners and confectionary products > (not used at this level),Non-Clinical > Food & Beverages > Bakery and Confectionary Products > Chocolate and sugars and sweeteners and confectionary products,2860,ruled_mapped,1.0,NC-0155,Non-Clinical > Food & Beverages > Confectionery > Chocolate > Chocolate,YES
melbourne_health,382,Non-Clinical > Food and Beverage > Seasonings > Seasonings and preservatives > (not used at this level),Non-Clinical > Food & Beverages > Seasonings > Seasonings and preservatives,662,ruled_mapped,1.0,NC-0152,Non-Clinical > Food & Beverages > Condiments > Seasoning > Seasoning,YES
melbourne_health,383,Non-Clinical > Food and Beverage > Bakery and Confectionary Products > Bread and bakery products > (not used at this level),Non-Clinical > Food & Beverages > Bakery and Confectionary Products > Bread and bakery products,990,ruled_mapped,1.0,NC-0108,Non-Clinical > Food & Beverages > Bakery > Bakery - Other > Bakery - Other,YES
melbourne_health,384,Non-Clinical > Food and Beverage > Preserved Foods > Prepared and preserved foods > (not used at this level),Non-Clinical > Food & Beverages > Preserved Foods > Prepared and preserved foods,40528,dropped_by_ruling,1.0,,,YES
melbourne_health,385,Non-Clinical > Food and Beverage > Beverages > Non-Alcoholic Beverages > (not used at this level),Non-Clinical > Food & Beverages > Beverages > Non-Alcoholic Beverages,1717,parent_match,0.75,NC-0132,Non-Clinical > Food & Beverages > Beverages > Non-Alcoholic Beverages > Non-Alcoholic Beverages,
melbourne_health,386,Non-Clinical > Food and Beverage > Beverages > Alcoholic Beverages > (not used at this level),Non-Clinical > Food & Beverages > Beverages > Alcoholic Beverages,0,parent_match,0.75,NC-0121,Non-Clinical > Food & Beverages > Beverages > Alcoholic Beverages > Alcoholic Beverages,
melbourne_health,387,Non-Clinical > Food and Beverage > Packaged Foods > Cereal and pulse products > (not used at this level),Non-Clinical > Food & Beverages > Packaged Foods > Cereal and pulse products,0,parent_match,0.75,NC-0212,Non-Clinical > Food & Beverages > Packaged Foods > Cereal and pulse products > Cereal and pulse products,
melbourne_health,388,Non-Clinical > Food and Beverage > Fresh Foods > Fresh fruits > (not used at this level),Non-Clinical > Food & Beverages > Fresh Foods > Fresh fruits,0,ruled_mapped,1.0,NC-0188,Non-Clinical > Food & Beverages > Fresh Produce > Fruits > Fruits,YES
melbourne_health,389,Non-Clinical > Food and Beverage > Fresh Foods > Organic fresh fruits > (not used at this level),Non-Clinical > Food & Beverages > Fresh Foods > Organic fresh fruits,0,ruled_mapped,1.0,NC-0188,Non-Clinical > Food & Beverages > Fresh Produce > Fruits > Fruits,YES
melbourne_health,39,Non-Clinical > Facilities Management > Soft Facilities Management > Cleaning Equipment & Supplies > Cleaning and janitorial supplies,Non-Clinical > Facilities Management > Soft Facilities Management > Cleaning Equipment & Supplies > Cleaning and janitorial supplies,67499,exact,1.0,NC-0069,Non-Clinical > Facilities Management > Soft Facilities Management > Cleaning Equipment & Supplies > Cleaning and janitorial supplies,
melbourne_health,390,Non-Clinical > Food and Beverage > Dried Foods > Dried fruit > (not used at this level),Non-Clinical > Food & Beverages > Dried Foods > Dried fruit,0,ruled_mapped,1.0,NC-0178,Non-Clinical > Food & Beverages > Dry Rations > Fruits > Fruits,YES
melbourne_health,391,Non-Clinical > Food and Beverage > Dried Foods > Dried organic fruit > (not used at this level),Non-Clinical > Food & Beverages > Dried Foods > Dried organic fruit,0,ruled_mapped,1.0,NC-0178,Non-Clinical > Food & Beverages > Dry Rations > Fruits > Fruits,YES
melbourne_health,392,Non-Clinical > Food and Beverage > Preserved Foods > Frozen fruit > (not used at this level),Non-Clinical > Food & Beverages > Preserved Foods > Frozen fruit,0,ruled_mapped,1.0,NC-0195,Non-Clinical > Food & Beverages > Frozen Products > Fruits > Fruits,YES
melbourne_health,393,Non-Clinical > Food and Beverage > Preserved Foods > Frozen organic fruit > (not used at this level),Non-Clinical > Food & Beverages > Preserved Foods > Frozen organic fruit,0,ruled_mapped,1.0,NC-0195,Non-Clinical > Food & Beverages > Frozen Products > Fruits > Fruits,YES
melbourne_health,394,Non-Clinical > Food and Beverage > Packaged Foods > Canned or jarred fruit > (not used at this level),Non-Clinical > Food & Beverages > Packaged Foods > Canned or jarred fruit,1997,parent_match,0.75,NC-0209,Non-Clinical > Food & Beverages > Packaged Foods > Canned or jarred fruit > Canned or jarred fruit,
melbourne_health,395,Non-Clinical > Food and Beverage > Packaged Foods > Canned or jarred organic fruit > (not used at this level),Non-Clinical > Food & Beverages > Packaged Foods > Canned or jarred organic fruit,0,parent_match,0.75,NC-0210,Non-Clinical > Food & Beverages > Packaged Foods > Canned or jarred organic fruit > Canned or jarred organic fruit,
melbourne_health,396,Non-Clinical > Food and Beverage > Packaged Foods > Fresh fruit purees > (not used at this level),Non-Clinical > Food & Beverages > Packaged Foods > Fresh fruit purees,0,parent_match,0.75,NC-0214,Non-Clinical > Food & Beverages > Packaged Foods > Fresh fruit purees > Fresh fruit purees,
melbourne_health,397,Non-Clinical > Food and Beverage > Packaged Foods > Organic fresh fruit purees > (not used at this level),Non-Clinical > Food & Beverages > Packaged Foods > Organic fresh fruit purees,0,parent_match,0.75,NC-0216,Non-Clinical > Food & Beverages > Packaged Foods > Organic fresh fruit purees > Organic fresh fruit purees,
melbourne_health,398,Non-Clinical > Food and Beverage > Fresh Foods > Fresh vegetables > (not used at this level),Non-Clinical > Food & Beverages > Fresh Foods > Fresh vegetables,0,ruled_mapped,1.0,NC-0190,Non-Clinical > Food & Beverages > Fresh Produce > Vegetables > Vegetables,YES
melbourne_health,399,Non-Clinical > Food and Beverage > Fresh Foods > Organic fresh vegetables > (not used at this level),Non-Clinical > Food & Beverages > Fresh Foods > Organic fresh vegetables,0,ruled_mapped,1.0,NC-0190,Non-Clinical > Food & Beverages > Fresh Produce > Vegetables > Vegetables,YES
melbourne_health,40,Non-Clinical > Facilities Management > Soft Facilities Management > Cleaning Equipment & Supplies > Industrial laundry and dry cleaning equipment,Non-Clinical > Facilities Management > Soft Facilities Management > Cleaning Equipment & Supplies > Industrial laundry and dry cleaning equipment,0,exact,1.0,NC-0070,Non-Clinical > Facilities Management > Soft Facilities Management > Cleaning Equipment & Supplies > Industrial laundry and dry cleaning equipment,
melbourne_health,400,Non-Clinical > Food and Beverage > Dried Foods > Dried vegetables > (not used at this level),Non-Clinical > Food & Beverages > Dried Foods > Dried vegetables,0,ruled_mapped,1.0,NC-0179,Non-Clinical > Food & Beverages > Dry Rations > Grains > Grains,YES
melbourne_health,401,Non-Clinical > Food and Beverage > Dried Foods > Dried organic vegetables > (not used at this level),Non-Clinical > Food & Beverages > Dried Foods > Dried organic vegetables,0,ruled_mapped,1.0,NC-0179,Non-Clinical > Food & Beverages > Dry Rations > Grains > Grains,YES
melbourne_health,402,Non-Clinical > Food and Beverage > Preserved Foods > Frozen vegetables > (not used at this level),Non-Clinical > Food & Beverages > Preserved Foods > Frozen vegetables,1269,ruled_mapped,1.0,NC-0199,Non-Clinical > Food & Beverages > Frozen Products > Vegetables > Vegetables,YES
melbourne_health,403,Non-Clinical > Food and Beverage > Preserved Foods > Frozen organic vegetables > (not used at this level),Non-Clinical > Food & Beverages > Preserved Foods > Frozen organic vegetables,0,ruled_mapped,1.0,NC-0199,Non-Clinical > Food & Beverages > Frozen Products > Vegetables > Vegetables,YES
melbourne_health,404,Non-Clinical > Food and Beverage > Preserved Foods > Canned or jarred vegetables > (not used at this level),Non-Clinical > Food & Beverages > Preserved Foods > Canned or jarred vegetables,627,ruled_mapped,1.0,NC-0211,Non-Clinical > Food & Beverages > Packaged Foods > Canned or jarred vegetables > Canned or jarred vegetables,YES
melbourne_health,405,Non-Clinical > Food and Beverage > Preserved Foods > Canned or jarred organic vegetables > (not used at this level),Non-Clinical > Food & Beverages > Preserved Foods > Canned or jarred organic vegetables,0,ruled_mapped,1.0,NC-0211,Non-Clinical > Food & Beverages > Packaged Foods > Canned or jarred vegetables > Canned or jarred vegetables,YES
melbourne_health,406,Non-Clinical > Food and Beverage > Packaged Foods > Fresh vegetable purees > (not used at this level),Non-Clinical > Food & Beverages > Packaged Foods > Fresh vegetable purees,0,parent_match,0.75,NC-0215,Non-Clinical > Food & Beverages > Packaged Foods > Fresh vegetable purees > Fresh vegetable purees,
melbourne_health,407,Non-Clinical > Food and Beverage > Packaged Foods > Organic fresh vegetable purees > (not used at this level),Non-Clinical > Food & Beverages > Packaged Foods > Organic fresh vegetable purees,0,parent_match,0.75,NC-0217,Non-Clinical > Food & Beverages > Packaged Foods > Organic fresh vegetable purees > Organic fresh vegetable purees,
melbourne_health,41,Non-Clinical > Facilities Management > Soft Facilities Management > Cleaning Equipment & Supplies > Toxic and hazardous waste cleanup products,Non-Clinical > Facilities Management > Soft Facilities Management > Cleaning Equipment & Supplies > Toxic and hazardous waste cleanup products,0,exact,1.0,NC-0072,Non-Clinical > Facilities Management > Soft Facilities Management > Cleaning Equipment & Supplies > Toxic and hazardous waste cleanup products,
melbourne_health,42,Non-Clinical > Facilities Management > Soft Facilities Management > Cleaning Equipment & Supplies > Water and wastewater treatment supply and disposal,Non-Clinical > Facilities Management > Soft Facilities Management > Cleaning Equipment & Supplies > Water and wastewater treatment supply and disposal,655,ruled_mapped,1.0,NC-0060,Non-Clinical > Facilities Management > Hard Facilities Management > Waste Management > Hazardous Waste Management and Disposal,YES
melbourne_health,422,Non-Clinical > Corporate Services > Subscriptions and Memberships > Subscriptions and Memberships > Subscriptions and Memberships,Non-Clinical > Corporate Services > Subscriptions and Memberships,701,ruled_kept,1.0,NC-0038,Non-Clinical > Corporate Services > Subscriptions and Memberships > Subscriptions and Memberships > Subscriptions and Memberships,
melbourne_health,43,Non-Clinical > Facilities Management > Soft Facilities Management > Service Industry Equipment Supplies > Food services equipment,Non-Clinical > Facilities Management > Soft Facilities Management > Service Industry Equipment Supplies > Food services equipment,662,exact,1.0,NC-0091,Non-Clinical > Facilities Management > Soft Facilities Management > Service Industry Equipment Supplies > Food services equipment,
melbourne_health,45,Non-Clinical > Facilities Management > Hard Facilities Management > Building Repairs and Maintenance > HVAC,Non-Clinical > Facilities Management > Hard Facilities Management > Building Repairs and Maintenance > HVAC,646,exact,1.0,NC-0044,Non-Clinical > Facilities Management > Hard Facilities Management > Building Repairs and Maintenance > HVAC,
melbourne_health,46,Non-Clinical > Facilities Management > Hard Facilities Management > Building Repairs and Maintenance > Building Management Systems,Non-Clinical > Facilities Management > Hard Facilities Management > Building Repairs and Maintenance > Building Management Systems,173,exact,1.0,NC-0040,Non-Clinical > Facilities Management > Hard Facilities Management > Building Repairs and Maintenance > Building Management Systems,
melbourne_health,464,Non-Clinical > Facilities Management > Soft Facilities Management > Books and printed materials > Books and printed materials,Non-Clinical > Facilities Management > Soft Facilities Management > Books and printed materials,35,parent_match,0.75,NC-0065,Non-Clinical > Facilities Management > Soft Facilities Management > Books and printed materials > Books and printed materials,
melbourne_health,469,Non-Clinical > Construction > Major Capital Projects > Building Construction Services > (not used at this level),Non-Clinical > Construction > Major Capital Projects > Building Construction Services,395,ruled_kept,1.0,NC-0001,Non-Clinical > Construction > Major Capital Projects > Building Construction Services > Building Construction Services,
melbourne_health,47,Non-Clinical > Facilities Management > Hard Facilities Management > Building Repairs and Maintenance > Building Repairs,Non-Clinical > Facilities Management > Hard Facilities Management > Building Repairs and Maintenance > Building Repairs,1808,exact,1.0,NC-0041,Non-Clinical > Facilities Management > Hard Facilities Management > Building Repairs and Maintenance > Building Repairs,
melbourne_health,471,Non-Clinical > Construction > Major Capital Projects > Building Construction Services > (not used at this level),Non-Clinical > Construction > Major Capital Projects > Building Construction Services,16984,ruled_kept,1.0,NC-0001,Non-Clinical > Construction > Major Capital Projects > Building Construction Services > Building Construction Services,
melbourne_health,48,Non-Clinical > Facilities Management > Hard Facilities Management > Building Repairs and Maintenance > Grounds Maintenance,Non-Clinical > Facilities Management > Hard Facilities Management > Building Repairs and Maintenance > Grounds Maintenance,0,exact,1.0,NC-0043,Non-Clinical > Facilities Management > Hard Facilities Management > Building Repairs and Maintenance > Grounds Maintenance / Landscaping,
melbourne_health,49,Non-Clinical > Facilities Management > Hard Facilities Management > Building Repairs and Maintenance > Lifts and Escalators,Non-Clinical > Facilities Management > Hard Facilities Management > Building Repairs and Maintenance > Lifts and Escalators,370,exact,1.0,NC-0045,Non-Clinical > Facilities Management > Hard Facilities Management > Building Repairs and Maintenance > Lifts and Escalators,
melbourne_health,495,Non-Clinical > Corporate Services > Quality and Compliance Fees > Quality and Compliance Fees > Quality and Compliance Fees,Non-Clinical > Corporate Services > Quality and Compliance Fees,0,ruled_kept,1.0,NC-0035,Non-Clinical > Corporate Services > Quality and Compliance Fees > Quality and Compliance Fees > Quality and Compliance Fees,
melbourne_health,50,Non-Clinical > Facilities Management > Hard Facilities Management > Building Repairs and Maintenance > Plumbing Installation and maintenance,Non-Clinical > Facilities Management > Hard Facilities Management > Building Repairs and Maintenance > Plumbing Installation and maintenance,3234,exact,1.0,NC-0047,Non-Clinical > Facilities Management > Hard Facilities Management > Building Repairs and Maintenance > Plumbing Installation and Maintenance,
melbourne_health,51,Non-Clinical > Facilities Management > Hard Facilities Management > Fires Safety and Security > Alarm Monitoring,Non-Clinical > Facilities Management > Hard Facilities Management > Fires Safety and Security > Alarm Monitoring,3015,exact,1.0,NC-0051,Non-Clinical > Facilities Management > Hard Facilities Management > Fire Safety and Security > Alarm Monitoring,
melbourne_health,52,"Non-Clinical > Facilities Management > Hard Facilities Management > Fires Safety and Security > Fire Monitoring Services, Equipment, Testing and Maintenance","Non-Clinical > Facilities Management > Hard Facilities Management > Fires Safety and Security > Fire Monitoring Services, Equipment, Testing and Maintenance",3,exact,1.0,NC-0054,"Non-Clinical > Facilities Management > Hard Facilities Management > Fire Safety and Security > Fire Monitoring Services, Equipment, Testing and Maintenance",
melbourne_health,524,Non-Clinical > Food and Beverage > Food Containers and Utensils > Food Containers and Utensils > Food Containers and Utensils,Non-Clinical > Food & Beverages > Food Containers and Utensils,0,ruled_mapped,1.0,NC-0075,Non-Clinical > Facilities Management > Soft Facilities Management > Consumables & Disposables > Food Containers and Utensils,YES
melbourne_health,525,Non-Clinical > Recruitment and Agency > Recruitment & Temp Staff > Doctor / Consultant > (not used at this level),Non-Clinical > Recruitment and Agency > Recruitment & Temp Staff > Doctor / Consultant,21,ruled_mapped,1.0,NC-0026,Non-Clinical > Corporate Services > HR Services > Recruitment & Temp Staff > Doctor / Consultant,YES
melbourne_health,526,Non-Clinical > Recruitment and Agency > Recruitment & Temp Staff > Nursing Staff > (not used at this level),Non-Clinical > Recruitment and Agency > Recruitment & Temp Staff > Nursing Staff,6323,ruled_mapped,1.0,NC-0028,Non-Clinical > Corporate Services > HR Services > Recruitment & Temp Staff > Nursing Staff,YES
melbourne_health,527,Non-Clinical > ICT > Software > Applications Software - Non Clinical > (not used at this level),Non-Clinical > ICT > Software > Applications Software - Non Clinical,636,ruled_mapped,1.0,NC-0279,Non-Clinical > ICT > ICT Software > ICT Software - Other > ICT Software - Other,YES
melbourne_health,528,Non-Clinical > ICT > Software > Applications Software- Clinical > (not used at this level),Non-Clinical > ICT > Software > Applications Software- Clinical,270,ruled_mapped,1.0,NC-0279,Non-Clinical > ICT > ICT Software > ICT Software - Other > ICT Software - Other,YES
melbourne_health,529,Non-Clinical > ICT > Software Maintenance & Support > Applications Software - Non Clinical > (not used at this level),Non-Clinical > ICT > Software Maintenance & Support > Applications Software - Non Clinical,189,ruled_mapped,1.0,NC-0279,Non-Clinical > ICT > ICT Software > ICT Software - Other > ICT Software - Other,YES
melbourne_health,530,Non-Clinical > ICT > Software Maintenance & Support > Applications Software- Clinical > (not used at this level),Non-Clinical > ICT > Software Maintenance & Support > Applications Software- Clinical,0,ruled_mapped,1.0,NC-0279,Non-Clinical > ICT > ICT Software > ICT Software - Other > ICT Software - Other,YES
melbourne_health,531,Non-Clinical > Non-Procurement > Re-imbursements and Recoveries > Patient Recovery > (not used at this level),Non-Clinical > Non-Procurement > Re-imbursements and Recoveries > Patient Recovery,61,ruled_mapped,1.0,NP-0016,Non-Procurement > Reimbursements > Patient Recovery > Patient Recovery > Patient Recovery,YES
melbourne_health,54,Non-Clinical > Professional Services > Financial Services > Debt Recovery > (not used at this level),Non-Clinical > Professional Services > Financial Services > Debt Recovery,0,ruled_mapped,1.0,NC-0009,Non-Clinical > Corporate Services > Financial Services > Debt Recovery > Debt Recovery,YES
melbourne_health,55,Non-Clinical > Professional Services > Technical Professional Services > Other Professional Services > (not used at this level),Non-Clinical > Professional Services > Technical Professional Services > Other Professional Services,0,exact,1.0,NC-0330,Non-Clinical > Professional Services > Technical Professional Services > Other Professional Services > Other Professional Services,
melbourne_health,56,Non-Clinical > Facilities Management > Hard Facilities Management > Engineering Consultant > Engineering Consultant,Non-Clinical > Facilities Management > Hard Facilities Management > Engineering Consultant,0,ruled_mapped,1.0,NC-0315,Non-Clinical > Professional Services > Advisory Services > Engineering Consultant > Engineering Consultant,YES
melbourne_health,59,Non-Clinical > Professional Services > Advisory Services > Security Consulting > (not used at this level),Non-Clinical > Professional Services > Advisory Services > Security Consulting,0,exact,1.0,NC-0321,Non-Clinical > Professional Services > Advisory Services > Security Consulting > Security Consulting,
melbourne_health,60,Non-Clinical > Professional Services > Advisory Services > Legal Consulting > (not used at this level),Non-Clinical > Professional Services > Advisory Services > Legal Consulting,227,exact,1.0,NC-0318,Non-Clinical > Professional Services > Advisory Services > Legal Consulting > Legal Consulting,
melbourne_health,64,Non-Clinical > Professional Services > Advisory Services > Business Consulting > (not used at this level),Non-Clinical > Professional Services > Advisory Services > Business Consulting,16,exact,1.0,NC-0313,Non-Clinical > Professional Services > Advisory Services > Business Consulting > Business Consulting,
melbourne_health,66,Non-Clinical > Professional Services > Advisory Services > Education Consultants > (not used at this level),Non-Clinical > Professional Services > Advisory Services > Education Consultants,0,exact,1.0,NC-0314,Non-Clinical > Professional Services > Advisory Services > Education Consultants > Education Consultants,
melbourne_health,67,Non-Clinical > Professional Services > Advisory Services > Forensic Consulting > (not used at this level),Non-Clinical > Professional Services > Advisory Services > Forensic Consulting,0,parent_match,0.75,NC-0316,Non-Clinical > Professional Services > Advisory Services > Forensic Consulting > Forensic Consulting,
melbourne_health,68,Non-Clinical > Professional Services > Advisory Services > HR Consulting > (not used at this level),Non-Clinical > Professional Services > Advisory Services > HR Consulting,0,exact,1.0,NC-0317,Non-Clinical > Professional Services > Advisory Services > HR Consulting > HR Consulting,
melbourne_health,69,Non-Clinical > Professional Services > Advisory Services > Training Consultants > (not used at this level),Non-Clinical > Professional Services > Advisory Services > Training Consultants,0,exact,1.0,NC-0322,Non-Clinical > Professional Services > Advisory Services > Training Consultants > Training Consultants,
melbourne_health,70,Non-Clinical > ICT > Advisory Services > Consulting Services > (not used at this level),Non-Clinical > ICT > Advisory Services > Consulting Services,0,ruled_mapped,1.0,NC-0273,Non-Clinical > ICT > ICT Professional Services > IT Consulting & Strategy > IT Consulting & Strategy,YES
melbourne_health,71,Non-Clinical > Professional Services > Advisory Services > Marketing Consulting > (not used at this level),Non-Clinical > Professional Services > Advisory Services > Marketing Consulting,0,exact,1.0,NC-0319,Non-Clinical > Professional Services > Advisory Services > Marketing Consulting > Marketing Consulting,
melbourne_health,72,Non-Clinical > Professional Services > Financial Services > Bank Charges > (not used at this level),Non-Clinical > Professional Services > Financial Services > Bank Charges,0,ruled_mapped,1.0,NC-0006,Non-Clinical > Corporate Services > Financial Services > Bank Charges > Bank Charges,YES
melbourne_health,73,Non-Clinical > Professional Services > Financial Services > Cash Management Services > (not used at this level),Non-Clinical > Professional Services > Financial Services > Cash Management Services,0,ruled_mapped,1.0,NC-0007,Non-Clinical > Corporate Services > Financial Services > Cash Management Services > Cash Management Services,YES
melbourne_health,74,Non-Clinical > Professional Services > Financial Services > Worker's Compensation Insurance > (not used at this level),Non-Clinical > Professional Services > Financial Services > Worker's Compensation Insurance,0,ruled_mapped,1.0,NC-0018,Non-Clinical > Corporate Services > Financial Services > Workers Compensation Insurance > Workers Compensation Insurance,YES
melbourne_health,75,Non-Clinical > Professional Services > Financial Services > Corporate Insurance > (not used at this level),Non-Clinical > Professional Services > Financial Services > Corporate Insurance,1039,ruled_mapped,1.0,NC-0008,Non-Clinical > Corporate Services > Financial Services > Corporate Insurance > Corporate Insurance,YES
melbourne_health,78,Non-Clinical > Professional Services > Financial Services > Financial Services General > (not used at this level),Non-Clinical > Professional Services > Financial Services > Financial Services General,8901,ruled_mapped,1.0,NC-0010,Non-Clinical > Corporate Services > Financial Services > Financial Services General > Financial Services General,YES
melbourne_health,79,Non-Clinical > Professional Services > Financial Services > Insurance Brokers > (not used at this level),Non-Clinical > Professional Services > Financial Services > Insurance Brokers,0,ruled_mapped,1.0,NC-0011,Non-Clinical > Corporate Services > Financial Services > Insurance Brokers > Insurance Brokers,YES
melbourne_health,80,Non-Clinical > Professional Services > Financial Services > Leasing Brokers (Equipment) > (not used at this level),Non-Clinical > Professional Services > Financial Services > Leasing Brokers (Equipment),0,ruled_mapped,1.0,NC-0012,Non-Clinical > Corporate Services > Financial Services > Leasing Brokers (Equipment) > Leasing Brokers (Equipment),YES
melbourne_health,81,Non-Clinical > Professional Services > Technical Professional Services > Audit Services > (not used at this level),Non-Clinical > Professional Services > Technical Professional Services > Audit Services,50,exact,1.0,NC-0324,Non-Clinical > Professional Services > Technical Professional Services > Audit Services > Audit Services,
melbourne_health,82,Non-Clinical > Professional Services > Technical Professional Services > Certification > (not used at this level),Non-Clinical > Professional Services > Technical Professional Services > Certification,0,exact,1.0,NC-0325,Non-Clinical > Professional Services > Technical Professional Services > Certification > Certification,
melbourne_health,83,Non-Clinical > Professional Services > Technical Professional Services > Copyright Services > (not used at this level),Non-Clinical > Professional Services > Technical Professional Services > Copyright Services,0,exact,1.0,NC-0327,Non-Clinical > Professional Services > Technical Professional Services > Copyright Services > Copyright Services,
melbourne_health,84,Non-Clinical > Professional Services > Technical Professional Services > Education Providers > (not used at this level),Non-Clinical > Professional Services > Technical Professional Services > Education Providers,104,exact,1.0,NC-0328,Non-Clinical > Professional Services > Technical Professional Services > Education Providers > Education Providers,
melbourne_health,85,Non-Clinical > Professional Services > Technical Professional Services > Interpreters & Transcript Services > (not used at this level),Non-Clinical > Professional Services > Technical Professional Services > Interpreters & Transcript Services,3131,exact,1.0,NC-0329,Non-Clinical > Professional Services > Technical Professional Services > Interpreters & Transcript Services > Interpreters & Transcript Services,
melbourne_health,86,Non-Clinical > Professional Services > Technical Professional Services > Interpreters & Transcript Services > (not used at this level),Non-Clinical > Professional Services > Technical Professional Services > Interpreters & Transcript Services,1288,exact,1.0,NC-0329,Non-Clinical > Professional Services > Technical Professional Services > Interpreters & Transcript Services > Interpreters & Transcript Services,
melbourne_health,87,Non-Clinical > ICT > Technical Professional Services > ICT Professional Services > (not used at this level),Non-Clinical > ICT > Technical Professional Services > ICT Professional Services,2906,ruled_mapped,1.0,NC-0273,Non-Clinical > ICT > ICT Professional Services > IT Consulting & Strategy > IT Consulting & Strategy,YES
melbourne_health,9,"Non-Clinical > Facilities Management > Soft Facilities Management > Furniture, fittings and equipment > (not used at this level)","Non-Clinical > Facilities Management > Soft Facilities Management > Furniture, fittings and equipment",1856,exact,1.0,NC-0082,"Non-Clinical > Facilities Management > Soft Facilities Management > Furniture, fittings and equipment > Furniture, fittings and equipment",
melbourne_health,97,Non-Clinical > Construction > Consultants > Architects > Architectural Design,Non-Clinical > Construction > Consultants > Architects > Architectural Design,0,ruled_mapped,1.0,NC-0323,Non-Clinical > Professional Services > Technical Professional Services > Architectural Design > Architectural Design,YES
melbourne_health,98,Non-Clinical > Construction > Consultants > Architects > Architectural Design,Non-Clinical > Construction > Consultants > Architects > Architectural Design,65,ruled_mapped,1.0,NC-0323,Non-Clinical > Professional Services > Technical Professional Services > Architectural Design > Architectural Design,YES
northern_health,1,Non-Clinical > Facilities Management > Hard Facilities Management > Building Repairs and Maintenance > Electrical Installation and Maintenance,Non-Clinical > Facilities Management > Hard Facilities Management > Building Repairs and Maintenance > Electrical Installation and Maintenance,0,exact,1.0,NC-0042,Non-Clinical > Facilities Management > Hard Facilities Management > Building Repairs and Maintenance > Electrical Installation and Maintenance,
northern_health,101,Non-Clinical > ICT > Software > Applications Software - Non Clinical > Applications Software - PC Tablet,Non-Clinical > ICT > Software > Applications Software - Non Clinical > Applications Software - PC Tablet,0,ruled_mapped,1.0,NC-0279,Non-Clinical > ICT > ICT Software > ICT Software - Other > ICT Software - Other,YES
northern_health,102,Non-Clinical > ICT > Software > Applications Software - Non Clinical > Applications Software - Security,Non-Clinical > ICT > Software > Applications Software - Non Clinical > Applications Software - Security,3,ruled_mapped,1.0,NC-0282,Non-Clinical > ICT > ICT Software > Security & Compliance Software > Security & Compliance Software,YES
northern_health,103,Non-Clinical > ICT > Software Maintenance & Support > Applications Software - Non Clinical > Applications Software - PC Tablet,Non-Clinical > ICT > Software Maintenance & Support > Applications Software - Non Clinical > Applications Software - PC Tablet,41,ruled_mapped,1.0,NC-0279,Non-Clinical > ICT > ICT Software > ICT Software - Other > ICT Software - Other,YES
northern_health,104,Non-Clinical > ICT > Software Maintenance & Support > Software Licensing and Maintenance > Software Licensing and Maintenance,Non-Clinical > ICT > Software Maintenance & Support > Software Licensing and Maintenance,1068,ruled_mapped,1.0,NC-0279,Non-Clinical > ICT > ICT Software > ICT Software - Other > ICT Software - Other,YES
northern_health,105,Non-Clinical > ICT > Software Maintenance & Support > Applications Software - Non Clinical > Applications Software - Security,Non-Clinical > ICT > Software Maintenance & Support > Applications Software - Non Clinical > Applications Software - Security,0,ruled_mapped,1.0,NC-0279,Non-Clinical > ICT > ICT Software > ICT Software - Other > ICT Software - Other,YES
northern_health,106,Non-Clinical > ICT > Hardware > Desktop / Laptop / Smartphones / Tablets / End User Computing > Desktop / Laptop / Smartphones / Tablets / End User Computing,Non-Clinical > ICT > Hardware > Desktop / Laptop / Smartphones / Tablets / End User Computing,44,ruled_mapped,1.0,NC-0264,Non-Clinical > ICT > ICT Hardware > End User Devices > End User Devices,YES
northern_health,107,Non-Clinical > ICT > Hardware > Hardware End User Computing devices leased > Hardware End User Computing devices leased,Non-Clinical > ICT > Hardware > Hardware End User Computing devices leased,140,ruled_mapped,1.0,NC-0265,Non-Clinical > ICT > ICT Hardware > Hardware Leasing & Financing > Hardware Leasing & Financing,YES
northern_health,108,Non-Clinical > ICT > Hardware > Desktop / Laptop / Smartphones / Tablets / End User Computing > Desktop / Laptop / Smartphones / Tablets / End User Computing,Non-Clinical > ICT > Hardware > Desktop / Laptop / Smartphones / Tablets / End User Computing,4346,ruled_mapped,1.0,NC-0264,Non-Clinical > ICT > ICT Hardware > End User Devices > End User Devices,YES
northern_health,109,Non-Clinical > ICT > Hardware > IT Network Hardware > IT Network Hardware,Non-Clinical > ICT > Hardware > IT Network Hardware,72,ruled_mapped,1.0,NC-0269,Non-Clinical > ICT > ICT Hardware > Network Infrastructure > Network Infrastructure,YES
northern_health,110,Non-Clinical > ICT > Hardware > Servers > Servers,Non-Clinical > ICT > Hardware > Servers,24,ruled_mapped,1.0,NC-0267,Non-Clinical > ICT > ICT Hardware > ICT Hardware - Other > ICT Hardware - Other,YES
northern_health,1108,Non-Clinical > Facilities Management > Soft Facilities Management > Cleaning Equipment & Supplies > Hand Cleaner,Non-Clinical > Facilities Management > Soft Facilities Management > Cleaning Equipment & Supplies > Hand Cleaner,0,exact,1.0,NC-0071,Non-Clinical > Facilities Management > Soft Facilities Management > Cleaning Equipment & Supplies > Sanitisers,
northern_health,111,Non-Clinical > ICT > Hardware > Storage > Storage,Non-Clinical > ICT > Hardware > Storage,0,ruled_mapped,1.0,NC-0271,Non-Clinical > ICT > ICT Hardware > Storage & Backup Devices > Storage & Backup Devices,YES
northern_health,112,Non-Clinical > ICT > Hardware > IT Network Hardware > Power Supply,Non-Clinical > ICT > Hardware > IT Network Hardware > Power Supply,0,ruled_mapped,1.0,NC-0269,Non-Clinical > ICT > ICT Hardware > Network Infrastructure > Network Infrastructure,YES
northern_health,114,Non-Clinical > ICT > Hardware > Printers and Multi-Function Print Devices > Printers and Multi-Function Devices,Non-Clinical > ICT > Hardware > Printers and Multi-Function Print Devices > Printers and Multi-Function Devices,909,ruled_mapped,1.0,NC-0270,Non-Clinical > ICT > ICT Hardware > Print & Imaging Devices > Print & Imaging Devices,YES
northern_health,115,Non-Clinical > ICT > Hardware > Audio Visual Equipment > Audio Visual Equipment,Non-Clinical > ICT > Hardware > Audio Visual Equipment,886,ruled_mapped,1.0,NC-0287,Non-Clinical > ICT > Telecommunications > Telephony & Conferencing Systems > Telephony & Conferencing Systems,YES
northern_health,116,Non-Clinical > ICT > Hardware Maintenance & Support > Hardware Maintenance and testing > Desktop / Laptop / Smartphones / Tablets / End User Computing,Non-Clinical > ICT > Hardware Maintenance & Support > Hardware Maintenance and testing > Desktop / Laptop / Smartphones / Tablets / End User Computing,4,ruled_mapped,1.0,NC-0266,Non-Clinical > ICT > ICT Hardware > Hardware Maintenance & Support > Hardware Maintenance & Support,YES
northern_health,119,Non-Clinical > ICT > Hardware Maintenance & Support > Hardware Maintenance and testing > IT Network Hardware,Non-Clinical > ICT > Hardware Maintenance & Support > Hardware Maintenance and testing > IT Network Hardware,796,ruled_mapped,1.0,NC-0266,Non-Clinical > ICT > ICT Hardware > Hardware Maintenance & Support > Hardware Maintenance & Support,YES
northern_health,12,Non-Clinical > Facilities Management > Soft Facilities Management > Shredding Services > Shredding Services,Non-Clinical > Facilities Management > Soft Facilities Management > Shredding Services,0,ruled_mapped,1.0,NC-0037,Non-Clinical > Corporate Services > Records Management > Shredding Services > Shredding Services,YES
northern_health,120,Non-Clinical > ICT > Hardware Maintenance & Support > Hardware Maintenance and testing > Servers,Non-Clinical > ICT > Hardware Maintenance & Support > Hardware Maintenance and testing > Servers,62,ruled_mapped,1.0,NC-0266,Non-Clinical > ICT > ICT Hardware > Hardware Maintenance & Support > Hardware Maintenance & Support,YES
northern_health,121,Non-Clinical > ICT > Hardware Maintenance & Support > Hardware Maintenance and testing > Storage,Non-Clinical > ICT > Hardware Maintenance & Support > Hardware Maintenance and testing > Storage,0,ruled_mapped,1.0,NC-0266,Non-Clinical > ICT > ICT Hardware > Hardware Maintenance & Support > Hardware Maintenance & Support,YES
northern_health,122,Non-Clinical > ICT > Hardware Maintenance & Support > Hardware Maintenance and testing > Power Supply,Non-Clinical > ICT > Hardware Maintenance & Support > Hardware Maintenance and testing > Power Supply,0,ruled_mapped,1.0,NC-0266,Non-Clinical > ICT > ICT Hardware > Hardware Maintenance & Support > Hardware Maintenance & Support,YES
northern_health,123,Non-Clinical > ICT > Hardware Maintenance & Support > Hardware Maintenance and testing > Printers and Multi-Function Devices,Non-Clinical > ICT > Hardware Maintenance & Support > Hardware Maintenance and testing > Printers and Multi-Function Devices,4,ruled_mapped,1.0,NC-0266,Non-Clinical > ICT > ICT Hardware > Hardware Maintenance & Support > Hardware Maintenance & Support,YES
northern_health,124,Non-Clinical > ICT > Hardware Maintenance & Support > Hardware Maintenance and testing > Audio Visual Equipment,Non-Clinical > ICT > Hardware Maintenance & Support > Hardware Maintenance and testing > Audio Visual Equipment,0,ruled_mapped,1.0,NC-0266,Non-Clinical > ICT > ICT Hardware > Hardware Maintenance & Support > Hardware Maintenance & Support,YES
northern_health,128,Non-Clinical > ICT > Telecommunications > Mobile voice and data > Mobile voice and data,Non-Clinical > ICT > Telecommunications > Mobile voice and data,219,ruled_mapped,1.0,NC-0285,Non-Clinical > ICT > Telecommunications > Mobile Network Services > Mobile Network Services,YES
northern_health,130,Non-Clinical > ICT > Telecommunications > Fixed Data (WAN) Services > Fixed Data (WAN) Services,Non-Clinical > ICT > Telecommunications > Fixed Data (WAN) Services,111,ruled_mapped,1.0,NC-0284,Non-Clinical > ICT > Telecommunications > Internet & Broadband Services > Internet & Broadband Services,YES
northern_health,131,Non-Clinical > ICT > Telecommunications > Bulk SMS services > Bulk SMS services,Non-Clinical > ICT > Telecommunications > Bulk SMS services,0,ruled_mapped,1.0,NC-0285,Non-Clinical > ICT > Telecommunications > Mobile Network Services > Mobile Network Services,YES
northern_health,132,Non-Clinical > ICT > Technical Services > Project Services > Project Services,Non-Clinical > ICT > Technical Services > Project Services,0,ruled_mapped,1.0,NC-0273,Non-Clinical > ICT > ICT Professional Services > IT Consulting & Strategy > IT Consulting & Strategy,YES
northern_health,133,Non-Clinical > ICT > Technical Services > Operational Services > Operational Services,Non-Clinical > ICT > Technical Services > Operational Services,0,ruled_mapped,1.0,NC-0274,Non-Clinical > ICT > ICT Professional Services > Technical Support & Helpdesk > Technical Support & Helpdesk,YES
northern_health,136,Non-Clinical > ICT > Telecommunications > Telecommunication Devices and Accessories > Telecommunication Devices and Accessories,Non-Clinical > ICT > Telecommunications > Telecommunication Devices and Accessories,0,ruled_mapped,1.0,NC-0286,Non-Clinical > ICT > Telecommunications > Telecom Hardware & Infrastructure > Telecom Hardware & Infrastructure,YES
northern_health,138,Non-Clinical > Logistics > Travel > Air Travel > Air Travel,Non-Clinical > Logistics > Travel > Air Travel,0,exact,1.0,NC-0291,Non-Clinical > Logistics > Travel > Air Travel > Air Travel,
northern_health,139,Non-Clinical > Logistics > Travel > Air Travel > Air Travel,Non-Clinical > Logistics > Travel > Air Travel,0,exact,1.0,NC-0291,Non-Clinical > Logistics > Travel > Air Travel > Air Travel,
northern_health,140,Non-Clinical > Logistics > Travel > Ground Transport > Ground Transport,Non-Clinical > Logistics > Travel > Ground Transport,0,exact,1.0,NC-0292,Non-Clinical > Logistics > Travel > Ground Transport > Ground Transport,
northern_health,141,Non-Clinical > Logistics > Travel > Hire Car > Hire Car,Non-Clinical > Logistics > Travel > Hire Car,9263,exact,1.0,NC-0293,Non-Clinical > Logistics > Travel > Taxi & Car Hire > Taxi & Car Hire,
northern_health,142,Non-Clinical > Logistics > Travel > Ground Transport > Ground Transport,Non-Clinical > Logistics > Travel > Ground Transport,0,exact,1.0,NC-0292,Non-Clinical > Logistics > Travel > Ground Transport > Ground Transport,
northern_health,143,Non-Clinical > Travel > Transport Domestic > Transport Domestic > Transport Domestic,Non-Clinical > Travel > Transport Domestic,56,ruled_mapped,1.0,NC-0294,Non-Clinical > Logistics > Travel > Transport Domestic > Transport Domestic,YES
northern_health,144,Non-Clinical > Logistics > Travel > Accomodation & Meals > Accomodation & Meals,Non-Clinical > Logistics > Travel > Accomodation & Meals,0,exact,1.0,NC-0290,Non-Clinical > Logistics > Travel > Accommodation & Meals > Accommodation & Meals,
northern_health,15,Non-Clinical > Facilities Management > Soft Facilities Management > Records Management > Records Management,Non-Clinical > Facilities Management > Soft Facilities Management > Records Management,0,ruled_mapped,1.0,NC-0036,Non-Clinical > Corporate Services > Records Management > Document Storage > Document Storage,YES
northern_health,159,Non-Clinical > Logistics > Transport > Patient Transport > Patient Transport,Non-Clinical > Logistics > Transport > Patient Transport,51661,exact,1.0,NC-0289,Non-Clinical > Logistics > Transport > Patient Transport > Patient Transport,
northern_health,16,"Non-Clinical > Facilities Management > Soft Facilities Management > Furniture, fittings and equipment > Furniture, fittings and equipment","Non-Clinical > Facilities Management > Soft Facilities Management > Furniture, fittings and equipment",1145,exact,1.0,NC-0082,"Non-Clinical > Facilities Management > Soft Facilities Management > Furniture, fittings and equipment > Furniture, fittings and equipment",
northern_health,160,Non-Clinical > Logistics > Transport > Courier > Courier Services,Non-Clinical > Logistics > Transport > Courier > Courier Services,2547,ruled_mapped,1.0,NC-0003,Non-Clinical > Corporate Services > Courier and Postal Services > Courier Services > Courier Services,YES
northern_health,161,Non-Clinical > Logistics > Transport > Freight > Freight,Non-Clinical > Logistics > Transport > Freight,164,exact,1.0,NC-0288,Non-Clinical > Logistics > Transport > Freight > Freight,
northern_health,164,Non-Clinical > Fleet and Vehicles > Corporate Fleet Vehicles > General Vehicles > General Vehicles,Non-Clinical > Fleet and Vehicles > Corporate Fleet Vehicles > General Vehicles,552,exact,1.0,NC-0097,Non-Clinical > Fleet and Vehicles > Fleet Management > General Vehicles > General Vehicles,
northern_health,165,Non-Clinical > Fleet and Vehicles > Corporate Fleet Vehicles > Heavy Vehicles > Heavy Vehicles,Non-Clinical > Fleet and Vehicles > Corporate Fleet Vehicles > Heavy Vehicles,0,exact,1.0,NC-0098,Non-Clinical > Fleet and Vehicles > Fleet Management > Heavy Vehicles > Heavy Vehicles,
northern_health,166,Non-Clinical > Fleet and Vehicles > Corporate Fleet Vehicles > Specialized Vehicles > Specialized Vehicles,Non-Clinical > Fleet and Vehicles > Corporate Fleet Vehicles > Specialized Vehicles,0,exact,1.0,NC-0099,Non-Clinical > Fleet and Vehicles > Fleet Management > Specialised Vehicles > Specialised Vehicles,
northern_health,169,Non-Clinical > Fleet and Vehicles > Fuels & Oil > Petrol and Diesel > Petrol and Diesel,Non-Clinical > Fleet and Vehicles > Fuels & Oil > Petrol and Diesel,2117,exact,1.0,NC-0102,Non-Clinical > Fleet and Vehicles > Fleet Operating Costs > Petrol and Diesel > Petrol and Diesel,
northern_health,17,"Non-Clinical > Facilities Management > Soft Facilities Management > Furniture, fittings and equipment > Furniture, fittings and equipment","Non-Clinical > Facilities Management > Soft Facilities Management > Furniture, fittings and equipment",53,exact,1.0,NC-0082,"Non-Clinical > Facilities Management > Soft Facilities Management > Furniture, fittings and equipment > Furniture, fittings and equipment",
northern_health,170,Non-Clinical > Fleet and Vehicles > Parking & Tolls > Parking & Tolls > Parking & Tolls,Non-Clinical > Fleet and Vehicles > Parking & Tolls,1422,ruled_mapped,1.0,NC-0101,Non-Clinical > Fleet and Vehicles > Fleet Operating Costs > Parking & Tolls > Parking & Tolls,YES
northern_health,171,Non-Clinical > Fleet and Vehicles > Vehicle Insurance > Vehicle Insurance > Vehicle Insurance,Non-Clinical > Fleet and Vehicles > Vehicle Insurance,0,ruled_mapped,1.0,NC-0103,Non-Clinical > Fleet and Vehicles > Fleet Operating Costs > Vehicle Insurance > Vehicle Insurance,YES
northern_health,172,Non-Clinical > Fleet and Vehicles > Vehicle Leasing > Vehicle Leasing > Vehicle Leasing,Non-Clinical > Fleet and Vehicles > Vehicle Leasing,9408,ruled_mapped,1.0,NC-0100,Non-Clinical > Fleet and Vehicles > Fleet Management > Vehicle Leasing > Vehicle Leasing,YES
northern_health,173,Non-Clinical > Fleet and Vehicles > Vehicle Registration > Vehicle Registration > Vehicle Registration,Non-Clinical > Fleet and Vehicles > Vehicle Registration,543,ruled_mapped,1.0,NC-0104,Non-Clinical > Fleet and Vehicles > Fleet Operating Costs > Vehicle Registration > Vehicle Registration,YES
northern_health,174,Non-Clinical > Fleet and Vehicles > Vehicle Repair and Maintenance > Towing and Miscellaneous vehicle components > Towing and Miscellaneous vehicle components,Non-Clinical > Fleet and Vehicles > Vehicle Repair and Maintenance > Towing and Miscellaneous vehicle components,0,ruled_mapped,1.0,NC-0105,Non-Clinical > Fleet and Vehicles > Fleet Operating Costs > Vehicle Repair and Maintenance > Towing and Miscellaneous vehicle components,YES
northern_health,175,Non-Clinical > Fleet and Vehicles > Vehicle Repair and Maintenance > Vehicle Repairs and Maintenance > Vehicle Repairs and Maintenance,Non-Clinical > Fleet and Vehicles > Vehicle Repair and Maintenance > Vehicle Repairs and Maintenance,0,ruled_mapped,1.0,NC-0106,Non-Clinical > Fleet and Vehicles > Fleet Operating Costs > Vehicle Repair and Maintenance > Vehicle Repair and Maintenance - Other,YES
northern_health,176,Non-Clinical > Property > Property Management > Venue Hire > Venue Hire,Non-Clinical > Property > Property Management > Venue Hire,0,ruled_mapped,1.0,NP-0012,Non-Procurement > Property Management > Venue Hire > Venue Hire > Venue Hire,YES
northern_health,177,Non-Clinical > Property > Property Management > Property Leases > Property Leases,Non-Clinical > Property > Property Management > Property Leases,459,ruled_mapped,1.0,NP-0010,Non-Procurement > Property Management > Property Leases > Property Leases > Property Leases,YES
northern_health,178,Non-Clinical > Recruitment and Agency > Employee Benefits > Employee Benefits > Employee Benefits,Non-Clinical > Recruitment and Agency > Employee Benefits,327,ruled_mapped,1.0,NC-0020,Non-Clinical > Corporate Services > HR Services > Employee Benefits > Employee Benefits,YES
northern_health,179,Non-Clinical > Recruitment and Agency > Recruitment & Temp Staff > Agency Fees > Agency Fees,Non-Clinical > Recruitment and Agency > Recruitment & Temp Staff > Agency Fees,2753,ruled_mapped,1.0,NC-0024,Non-Clinical > Corporate Services > HR Services > Recruitment & Temp Staff > Agency Fees,YES
northern_health,180,Non-Clinical > Recruitment and Agency > Recruitment & Temp Staff > Advertising > Advertising,Non-Clinical > Recruitment and Agency > Recruitment & Temp Staff > Advertising,6478,ruled_mapped,1.0,NC-0023,Non-Clinical > Corporate Services > HR Services > Recruitment & Temp Staff > Advertising,YES
northern_health,181,Non-Clinical > Recruitment and Agency > Recruitment & Temp Staff > Other Contingent Staff > Other Contingent Staff,Non-Clinical > Recruitment and Agency > Recruitment & Temp Staff > Other Contingent Staff,6876,ruled_mapped,1.0,NC-0029,Non-Clinical > Corporate Services > HR Services > Recruitment & Temp Staff > Other Contingent Staff,YES
northern_health,187,Non-Clinical > Recruitment and Agency > Recruitment & Temp Staff > Contract Labour > Contract Labour,Non-Clinical > Recruitment and Agency > Recruitment & Temp Staff > Contract Labour,11,ruled_mapped,1.0,NC-0025,Non-Clinical > Corporate Services > HR Services > Recruitment & Temp Staff > Contract Labour,YES
northern_health,19,Non-Clinical > Facilities Management > Soft Facilities Management > Stationery & Printing > Stationery & Printing,Non-Clinical > Facilities Management > Soft Facilities Management > Stationery & Printing,80442,ruled_mapped,1.0,NC-0349,Non-Clinical > Corporate Services > General Admin Supplies > Stationery & Printing > Stationery & Printing,YES
northern_health,192,Non-Clinical > HR Services > Staff Training and Development > Staff Training and Development > Staff Training and Development,Non-Clinical > HR Services > Staff Training and Development,1125,ruled_mapped,1.0,NC-0031,Non-Clinical > Corporate Services > HR Services > Staff Training and Development > Staff Training and Development,YES
northern_health,199,Non-Clinical > Marketing and Advertising > Advertising Services > Magazine Newspaper > Magazine Newspaper,Non-Clinical > Marketing and Advertising > Advertising Services > Magazine Newspaper,0,exact,1.0,NC-0298,Non-Clinical > Marketing and Advertising > Advertising Services > Magazine Newspaper > Magazine Newspaper,
northern_health,2,Non-Clinical > Facilities Management > Hard Facilities Management > Building Repairs and Maintenance > Electrical Installation and Maintenance,Non-Clinical > Facilities Management > Hard Facilities Management > Building Repairs and Maintenance > Electrical Installation and Maintenance,612,exact,1.0,NC-0042,Non-Clinical > Facilities Management > Hard Facilities Management > Building Repairs and Maintenance > Electrical Installation and Maintenance,
northern_health,20,Non-Clinical > Facilities Management > Soft Facilities Management > Stationery & Printing > Stationery & Printing,Non-Clinical > Facilities Management > Soft Facilities Management > Stationery & Printing,0,ruled_mapped,1.0,NC-0349,Non-Clinical > Corporate Services > General Admin Supplies > Stationery & Printing > Stationery & Printing,YES
northern_health,200,Non-Clinical > Marketing and Advertising > Advertising Services > Media - Banners > Media - Banners,Non-Clinical > Marketing and Advertising > Advertising Services > Media - Banners,0,exact,1.0,NC-0299,Non-Clinical > Marketing and Advertising > Advertising Services > Media - Banners > Media - Banners,
northern_health,202,Non-Clinical > Marketing and Advertising > Advertising Services > Media - Signage > Media - Signage,Non-Clinical > Marketing and Advertising > Advertising Services > Media - Signage,0,exact,1.0,NC-0300,Non-Clinical > Marketing and Advertising > Advertising Services > Media - Signage > Media - Signage,
northern_health,203,Non-Clinical > Marketing and Advertising > Advertising Services > Radio TV Cable & Internet > Radio TV Cable & Internet,Non-Clinical > Marketing and Advertising > Advertising Services > Radio TV Cable & Internet,2,exact,1.0,NC-0301,Non-Clinical > Marketing and Advertising > Advertising Services > Radio TV Cable & Internet > Radio TV Cable & Internet,
northern_health,206,Non-Clinical > Marketing and Advertising > Marketing > Subscriptions and Publications > Subscriptions and Publications,Non-Clinical > Marketing and Advertising > Marketing > Subscriptions and Publications,0,exact,1.0,NC-0309,Non-Clinical > Marketing and Advertising > Marketing > Subscriptions and Publications > Subscriptions and Publications,
northern_health,208,Non-Clinical > Marketing and Advertising > Marketing > Events Celebrity Sponsorships > Events Celebrity Sponsorships,Non-Clinical > Marketing and Advertising > Marketing > Events Celebrity Sponsorships,0,exact,1.0,NC-0303,Non-Clinical > Marketing and Advertising > Marketing > Events Celebrity Sponsorships > Events Celebrity Sponsorships,
northern_health,209,Non-Clinical > Marketing and Advertising > Marketing > Lobbying & Public Relations > Lobbying & Public Relations,Non-Clinical > Marketing and Advertising > Marketing > Lobbying & Public Relations,0,exact,1.0,NC-0304,Non-Clinical > Marketing and Advertising > Marketing > Lobbying & Public Relations > Lobbying & Public Relations,
northern_health,212,Non-Clinical > Marketing and Advertising > Marketing > Meetings and Events > Meetings and Events,Non-Clinical > Marketing and Advertising > Marketing > Meetings and Events,0,exact,1.0,NC-0307,Non-Clinical > Marketing and Advertising > Marketing > Meetings and Events > Meetings and Events,
northern_health,213,Non-Clinical > Marketing and Advertising > Marketing > Marketing Agencies > Marketing Agencies,Non-Clinical > Marketing and Advertising > Marketing > Marketing Agencies,0,exact,1.0,NC-0306,Non-Clinical > Marketing and Advertising > Marketing > Marketing Agencies > Marketing Agencies,
northern_health,214,Non-Clinical > Marketing and Advertising > Marketing > Promotional Gifts > Promotional Gifts,Non-Clinical > Marketing and Advertising > Marketing > Promotional Gifts,0,exact,1.0,NC-0308,Non-Clinical > Marketing and Advertising > Marketing > Promotional Gifts > Promotional Gifts,
northern_health,22,Non-Clinical > Facilities Management > Soft Facilities Management > General Office Supplies > General Office Supplies,Non-Clinical > Facilities Management > Soft Facilities Management > General Office Supplies,36265,exact,1.0,NC-0083,Non-Clinical > Facilities Management > Soft Facilities Management > General Office Supplies > General Office Supplies,
northern_health,222,Non-Clinical > Marketing and Advertising > Printing & Direct Mail > Promotional Print > Promotional Print,Non-Clinical > Marketing and Advertising > Printing & Direct Mail > Promotional Print,0,exact,1.0,NC-0312,Non-Clinical > Marketing and Advertising > Printing & Direct Mail > Promotional Print > Promotional Print,
northern_health,223,Non-Clinical > Marketing and Advertising > Printing & Direct Mail > Commercial Print > Commercial Print,Non-Clinical > Marketing and Advertising > Printing & Direct Mail > Commercial Print,9,exact,1.0,NC-0310,Non-Clinical > Marketing and Advertising > Printing & Direct Mail > Commercial Print > Commercial Print,
northern_health,224,Non-Clinical > Marketing and Advertising > Printing & Direct Mail > Direct Mail > Direct Mail,Non-Clinical > Marketing and Advertising > Printing & Direct Mail > Direct Mail,519,exact,1.0,NC-0311,Non-Clinical > Marketing and Advertising > Printing & Direct Mail > Direct Mail > Direct Mail,
northern_health,225,Non-Clinical > Equipment Hire > Heavy Machinery > Heavy Machinery > Heavy Machinery,Non-Clinical > Equipment Hire > Heavy Machinery,2,ruled_mapped,1.0,NC-0048,Non-Clinical > Facilities Management > Hard Facilities Management > Equipment Hire > Heavy Machinery,YES
northern_health,226,Non-Clinical > Equipment Hire > Light Machinery > Light Machinery > Light Machinery,Non-Clinical > Equipment Hire > Light Machinery,22,ruled_mapped,1.0,NC-0049,Non-Clinical > Facilities Management > Hard Facilities Management > Equipment Hire > Light Machinery,YES
northern_health,227,Non-Clinical > Equipment Hire > Portable Buildings > Portable Buildings > Portable Buildings,Non-Clinical > Equipment Hire > Portable Buildings,0,ruled_mapped,1.0,NC-0050,Non-Clinical > Facilities Management > Hard Facilities Management > Equipment Hire > Portable Buildings,YES
northern_health,23,Non-Clinical > Facilities Management > Soft Facilities Management > Bed & bathing > Bed & bathing,Non-Clinical > Facilities Management > Soft Facilities Management > Bed & bathing,0,ruled_mapped,1.0,NC-0074,Non-Clinical > Facilities Management > Soft Facilities Management > Consumables & Disposables > Bed Protection Paper,YES
northern_health,232,Non-Procurement > Supply Costs & Recoveries > Price Variances > Price Variances > Price Variances,Non-Procurement > Supply Costs & Recoveries > Price Variances,0,ruled_mapped,1.0,NC-0016,Non-Clinical > Corporate Services > Financial Services > Price Variances > Price Variances,YES
northern_health,233,Non-Procurement > Supply Costs & Recoveries > Loans > Loans > Loans,Non-Procurement > Supply Costs & Recoveries > Loans,0,ruled_mapped,1.0,NC-0013,Non-Clinical > Corporate Services > Financial Services > Loans > Loans,YES
northern_health,234,Non-Procurement > Insurances > Workers Compensations > Workers Compensations > Workers Compensations,Non-Procurement > Insurances > Workers Compensations,0,ruled_mapped,1.0,NC-0018,Non-Clinical > Corporate Services > Financial Services > Workers Compensation Insurance > Workers Compensation Insurance,YES
northern_health,235,Non-Procurement > Insurances > Medical Liability > Medical Liability > Medical Liability,Non-Procurement > Insurances > Medical Liability,0,ruled_mapped,1.0,NC-0014,Non-Clinical > Corporate Services > Financial Services > Medical Liability > Medical Liability,YES
northern_health,236,Non-Procurement > Insurances > Other Insurances > Other Insurances > Other Insurances,Non-Procurement > Insurances > Other Insurances,0,ruled_mapped,1.0,NC-0015,Non-Clinical > Corporate Services > Financial Services > Other Insurances > Other Insurances,YES
northern_health,237,Non-Procurement > Re-imbursements > Information Systems > Information Systems > Information Systems,Non-Procurement > Reimbursements > Information Systems,0,ruled_kept,1.0,NP-0015,Non-Procurement > Reimbursements > Information Systems > Information Systems > Information Systems,
northern_health,238,Non-Procurement > Re-imbursements > HR / Finance > HR / Finance > HR / Finance,Non-Procurement > Reimbursements > HR / Finance,0,ruled_kept,1.0,NP-0014,Non-Procurement > Reimbursements > HR / Finance > HR / Finance > HR / Finance,
northern_health,239,Non-Procurement > Re-imbursements > Others > Others > Others,Non-Procurement > Reimbursements > Other,720,ruled_mapped,1.0,NP-0017,Non-Procurement > Reimbursements > Reimbursements - Other > Reimbursements - Other > Reimbursements - Other,YES
northern_health,24,Non-Clinical > Facilities Management > Soft Facilities Management > Chemical Sterilisation Services > Chemical Sterilisation Services,Non-Clinical > Facilities Management > Soft Facilities Management > Chemical Sterilisation Services,0,exact,1.0,NC-0068,Non-Clinical > Facilities Management > Soft Facilities Management > Chemical Sterilisation Services > Chemical Sterilisation Services,
northern_health,240,Non-Procurement > Depreciation & Amortisation > Depreciation > Depreciation > Depreciation,Non-Procurement > Depreciation & Amortisation > Depreciation,0,ruled_kept,1.0,NP-0003,Non-Procurement > Depreciation & Amortisation > Depreciation > Depreciation > Depreciation,
northern_health,241,Non-Procurement > Depreciation & Amortisation > Amortisation > Amortisation > Amortisation,Non-Procurement > Depreciation & Amortisation > Amortisation,0,ruled_kept,1.0,NP-0002,Non-Procurement > Depreciation & Amortisation > Amortisation > Amortisation > Amortisation,
northern_health,242,"Non-Procurement > Rates, Taxes and Adjustments > Rates, Taxes and Adjustments > Rates, Taxes and Adjustments > Rates, Taxes and Adjustments","Non-Procurement > Rates, Taxes and Adjustments",108193,ruled_mapped,1.0,NC-0017,"Non-Clinical > Corporate Services > Financial Services > Rates, Taxes and Adjustments > Rates, Taxes and Adjustments",YES
northern_health,243,Non-Procurement > Government Fees > Government Fees > Government Fees > Government Fees,Non-Procurement > Government Fees,1409,ruled_kept,1.0,NP-0005,Non-Procurement > Government Fees > Government Fees > Government Fees > Government Fees,
northern_health,244,Non-Procurement > Property Management > Levies and Outgoings > Levies and Outgoings > Levies and Outgoings,Non-Procurement > Property Management > Levies and Outgoings,45,ruled_kept,1.0,NP-0009,Non-Procurement > Property Management > Levies and Outgoings > Levies and Outgoings > Levies and Outgoings,
northern_health,245,Non-Procurement > Gifts and Donation > Gifts and Donation > Gifts and Donation > Gifts and Donation,Non-Procurement > Gifts and Donation,0,ruled_mapped,1.0,NC-0021,Non-Clinical > Corporate Services > HR Services > Gifts and Donations > Gifts and Donations,YES
northern_health,246,Non-Procurement > Gifts and Donation > Gifts and Donation > Gifts and Donation > Gifts and Donation,Non-Procurement > Gifts and Donation,0,ruled_mapped,1.0,NC-0021,Non-Clinical > Corporate Services > HR Services > Gifts and Donations > Gifts and Donations,YES
northern_health,247,Non-Procurement > Commission / Rebate > Commission / Rebate > Commission / Rebate > Commission / Rebate,Non-Procurement > Commission / Rebate,0,ruled_kept,1.0,NP-0001,Non-Procurement > Commission / Rebate > Commission / Rebate > Commission / Rebate > Commission / Rebate,
northern_health,248,Non-Procurement > Credit Card Expenses > Credit Card Expenses > Credit Card Expenses > Credit Card Expenses,Non-Procurement > Credit Card Expenses,0,ruled_mapped,1.0,NC-0005,Non-Clinical > Corporate Services > Credit Card Expenses > Credit Card Expenses > Credit Card Expenses,YES
northern_health,25,Non-Clinical > Facilities Management > Soft Facilities Management > Cleaning Services > Cleaning Services,Non-Clinical > Facilities Management > Soft Facilities Management > Cleaning Services,3743,exact,1.0,NC-0073,Non-Clinical > Facilities Management > Soft Facilities Management > Cleaning Services > Cleaning Services,
northern_health,2583,Non-Clinical > Facilities Management > Hard Facilities Management > Building Repairs and Maintenance > Auto Doors,Non-Clinical > Facilities Management > Hard Facilities Management > Building Repairs and Maintenance > Auto Doors,0,exact,1.0,NC-0039,Non-Clinical > Facilities Management > Hard Facilities Management > Building Repairs and Maintenance > Auto Doors,
northern_health,2584,Non-Clinical > Facilities Management > Hard Facilities Management > Fires Safety and Security > Emergency Lighting Installation and Maintenance,Non-Clinical > Facilities Management > Hard Facilities Management > Fires Safety and Security > Emergency Lighting Installation and Maintenance,46,exact,1.0,NC-0053,Non-Clinical > Facilities Management > Hard Facilities Management > Fire Safety and Security > Emergency Lighting Installation and Maintenance,
northern_health,2585,Non-Clinical > Facilities Management > Soft Facilities Management > Service Industry Equipment Supplies > Food services equipment,Non-Clinical > Facilities Management > Soft Facilities Management > Service Industry Equipment Supplies > Food services equipment,0,exact,1.0,NC-0091,Non-Clinical > Facilities Management > Soft Facilities Management > Service Industry Equipment Supplies > Food services equipment,
northern_health,2586,Non-Clinical > Facilities Management > Soft Facilities Management > Equipment Maintenance & Testing > Industrial Laundry and Dry Cleaning Equipment Maintenance,Non-Clinical > Facilities Management > Soft Facilities Management > Equipment Maintenance & Testing > Industrial Laundry and Dry Cleaning Equipment Maintenance,0,exact,1.0,NC-0079,Non-Clinical > Facilities Management > Soft Facilities Management > Equipment Maintenance & Testing > Industrial Laundry and Dry Cleaning Equipment Maintenance,
northern_health,2587,Non-Clinical > Facilities Management > Soft Facilities Management > Equipment Maintenance & Testing > Mandatory Safety Testing,Non-Clinical > Facilities Management > Soft Facilities Management > Equipment Maintenance & Testing > Mandatory Safety Testing,10,exact,1.0,NC-0080,Non-Clinical > Facilities Management > Soft Facilities Management > Equipment Maintenance & Testing > Mandatory Safety Testing,
northern_health,2588,Non-Clinical > Facilities Management > Soft Facilities Management > Linen Supply > Linen Supply,Non-Clinical > Facilities Management > Soft Facilities Management > Linen Supply,20,exact,1.0,NC-0085,Non-Clinical > Facilities Management > Soft Facilities Management > Linen Supply > Linen Supply,
northern_health,2589,Non-Clinical > ICT > Hardware > Nurse Call Systems > Nurse Call Systems,Non-Clinical > ICT > Hardware > Nurse Call Systems,193,ruled_mapped,1.0,NC-0267,Non-Clinical > ICT > ICT Hardware > ICT Hardware - Other > ICT Hardware - Other,YES
northern_health,2590,Non-Clinical > Resident and Client Services > Direct Care Services > Nursing and Allied Health > Nursing and Allied Health,Non-Clinical > Resident and Client Services > Direct Care Services > Nursing and Allied Health,59590,ruled_mapped,1.0,NP-0008,Non-Procurement > Medical Services Rendered > Nursing and Allied Health > Nursing and Allied Health > Nursing and Allied Health,YES
northern_health,26,Non-Clinical > Facilities Management > Soft Facilities Management > Laundry Services > Laundry Services,Non-Clinical > Facilities Management > Soft Facilities Management > Laundry Services,6119,exact,1.0,NC-0084,Non-Clinical > Facilities Management > Soft Facilities Management > Laundry Services > Laundry Services,
northern_health,265,Non-Clinical > Safety Equipment and PPE > NonPPE Safety Goods and Equipment > NonPPE Safety Goods and Equipment > NonPPE Safety Goods and Equipment,Non-Clinical > Safety Equipment and PPE > NonPPE Safety Goods and Equipment,474,ruled_kept,1.0,NC-0332,Non-Clinical > Safety Equipment and PPE > NonPPE Safety Goods and Equipment > NonPPE Safety Goods and Equipment > NonPPE Safety Goods and Equipment,
northern_health,266,Non-Clinical > Safety Equipment and PPE > Other > Other PPE > Other PPE,Non-Clinical > Safety Equipment and PPE > Other > Other PPE,0,ruled_mapped,1.0,NC-0332,Non-Clinical > Safety Equipment and PPE > NonPPE Safety Goods and Equipment > NonPPE Safety Goods and Equipment > NonPPE Safety Goods and Equipment,YES
northern_health,27,Non-Clinical > Facilities Management > Soft Facilities Management > Other Support Services > Other Support Services,Non-Clinical > Facilities Management > Soft Facilities Management > Other Support Services,93,exact,1.0,NC-0086,Non-Clinical > Facilities Management > Soft Facilities Management > Other Support Services > Other Support Services,
northern_health,27112903,Non-Clinical > Facilities Management > Soft Facilities Management > Cleaning Equipment & Supplies > Hand Cleaner,Non-Clinical > Facilities Management > Soft Facilities Management > Cleaning Equipment & Supplies > Hand Cleaner,0,exact,1.0,NC-0071,Non-Clinical > Facilities Management > Soft Facilities Management > Cleaning Equipment & Supplies > Sanitisers,
northern_health,28,Non-Clinical > Facilities Management > Soft Facilities Management > Painting & Decorating Services > Painting & Decorating Services,Non-Clinical > Facilities Management > Soft Facilities Management > Painting & Decorating Services,1,ruled_mapped,1.0,NC-0046,Non-Clinical > Facilities Management > Hard Facilities Management > Building Repairs and Maintenance > Painting & Decorating Services,YES
northern_health,29,Non-Clinical > Facilities Management > Soft Facilities Management > Artwork > Artwork,Non-Clinical > Facilities Management > Soft Facilities Management > Artwork,85,ruled_mapped,1.0,NC-0082,"Non-Clinical > Facilities Management > Soft Facilities Management > Furniture, fittings and equipment > Furniture, fittings and equipment",YES
northern_health,2969,Non-Procurement > Superannuation > Superannuation > Superannuation > Superannuation,Non-Procurement > Superannuation,579,ruled_mapped,1.0,NC-0032,Non-Clinical > Corporate Services > HR Services > Superannuation > Superannuation,YES
northern_health,2970,Non-Procurement > Disbursement > Disbursement > Disbursement > Disbursement,Non-Procurement > Disbursement,0,ruled_kept,1.0,NP-0004,Non-Procurement > Disbursement > Disbursement > Disbursement > Disbursement,
northern_health,2971,Non-Procurement > Medical Services Rendered > Medical Services Rendered > Medical Services Rendered > Medical Services Rendered,Non-Procurement > Medical Services Rendered,271,ruled_mapped,1.0,NP-0007,Non-Procurement > Medical Services Rendered > Medical Services Rendered - Other > Medical Services Rendered - Other > Medical Services Rendered - Other,YES
northern_health,2972,Non-Clinical > Facilities Management > Soft Facilities Management > Traffic Management > Traffic Management,Non-Clinical > Facilities Management > Soft Facilities Management > Traffic Management,2,exact,1.0,NC-0095,Non-Clinical > Facilities Management > Soft Facilities Management > Traffic Management > Traffic Management,
northern_health,2973,Non-Clinical > Logistics > Transport > Courier - Specimens > Courier - Specimens,Non-Clinical > Logistics > Transport > Courier - Specimens,0,ruled_mapped,1.0,NC-0002,Non-Clinical > Corporate Services > Courier and Postal Services > Courier - Specimens > Courier - Specimens,YES
northern_health,2974,Non-Clinical > Facilities Management > Soft Facilities Management > Contracted FM Services > Contracted FM Services,Non-Clinical > Facilities Management > Soft Facilities Management > Contracted FM Services,0,exact,1.0,NC-0077,Non-Clinical > Facilities Management > Soft Facilities Management > Contracted FM Services > Contracted FM Services,
northern_health,2977,Non-Clinical > Facilities Management > Soft Facilities Management > Adminsitration > Receiption Services,Non-Clinical > Facilities Management > Soft Facilities Management > Adminsitration > Receiption Services,0,exact,1.0,NC-0062,Non-Clinical > Facilities Management > Soft Facilities Management > Administration > Reception Services,
northern_health,2978,"Non-Clinical > ICT > Hardware > IT Network Hardware > Pheripherals, cables, joiners, splitters, etc","Non-Clinical > ICT > Hardware > IT Network Hardware > Pheripherals, cables, joiners, splitters, etc",51,ruled_mapped,1.0,NC-0269,Non-Clinical > ICT > ICT Hardware > Network Infrastructure > Network Infrastructure,YES
northern_health,2979,Non-Clinical > ICT > Software > Applications Software - Non Clinical > Applications Software - Server,Non-Clinical > ICT > Software > Applications Software - Non Clinical > Applications Software - Server,0,ruled_mapped,1.0,NC-0279,Non-Clinical > ICT > ICT Software > ICT Software - Other > ICT Software - Other,YES
northern_health,2980,Non-Clinical > ICT > Software > Applications Software - Non Clinical > Applications Software - Network,Non-Clinical > ICT > Software > Applications Software - Non Clinical > Applications Software - Network,25,ruled_mapped,1.0,NC-0279,Non-Clinical > ICT > ICT Software > ICT Software - Other > ICT Software - Other,YES
northern_health,2981,Non-Clinical > ICT > Software > Applications Software - Non Clinical > Applications Software - Communications,Non-Clinical > ICT > Software > Applications Software - Non Clinical > Applications Software - Communications,0,ruled_mapped,1.0,NC-0279,Non-Clinical > ICT > ICT Software > ICT Software - Other > ICT Software - Other,YES
northern_health,2982,Non-Clinical > ICT > Software > Applications Software - Non Clinical > Applications Software - Storage &Data Centre,Non-Clinical > ICT > Software > Applications Software - Non Clinical > Applications Software - Storage &Data Centre,0,ruled_mapped,1.0,NC-0267,Non-Clinical > ICT > ICT Hardware > ICT Hardware - Other > ICT Hardware - Other,YES
northern_health,2983,Non-Clinical > ICT > Platform > Cloud > Whole of business -SaaS,Non-Clinical > ICT > Platform > Cloud > Whole of business -SaaS,0,ruled_mapped,1.0,NC-0276,Non-Clinical > ICT > ICT Software > Cloud Services (IaaS/PaaS/SaaS) > Cloud Services (IaaS/PaaS/SaaS),YES
northern_health,2984,Non-Clinical > ICT > Platform > Data Centre > Whole of business - on premise,Non-Clinical > ICT > Platform > Data Centre > Whole of business - on premise,0,ruled_mapped,1.0,NC-0267,Non-Clinical > ICT > ICT Hardware > ICT Hardware - Other > ICT Hardware - Other,YES
northern_health,2985,Non-Clinical > ICT > Software Maintenance & Support > Applications Software - Non Clinical > Applications Software - Server,Non-Clinical > ICT > Software Maintenance & Support > Applications Software - Non Clinical > Applications Software - Server,0,ruled_mapped,1.0,NC-0279,Non-Clinical > ICT > ICT Software > ICT Software - Other > ICT Software - Other,YES
northern_health,2986,Non-Clinical > ICT > Software Maintenance & Support > Applications Software - Non Clinical > Applications Software - Communications,Non-Clinical > ICT > Software Maintenance & Support > Applications Software - Non Clinical > Applications Software - Communications,0,ruled_mapped,1.0,NC-0279,Non-Clinical > ICT > ICT Software > ICT Software - Other > ICT Software - Other,YES
northern_health,2987,Non-Clinical > ICT > Software Maintenance & Support > Applications Software - Non Clinical > Applications Software - Storage &Data Centre,Non-Clinical > ICT > Software Maintenance & Support > Applications Software - Non Clinical > Applications Software - Storage &Data Centre,0,ruled_mapped,1.0,NC-0279,Non-Clinical > ICT > ICT Software > ICT Software - Other > ICT Software - Other,YES
northern_health,2988,Non-Clinical > ICT > Software Maintenance & Support > Applications Software - Non Clinical > Applications Software - Network,Non-Clinical > ICT > Software Maintenance & Support > Applications Software - Non Clinical > Applications Software - Network,0,ruled_mapped,1.0,NC-0279,Non-Clinical > ICT > ICT Software > ICT Software - Other > ICT Software - Other,YES
northern_health,2989,Non-Clinical > ICT > Telecommunications > Fixed Line voice / Call centre > Fixed Line voice / Call centre,Non-Clinical > ICT > Telecommunications > Fixed Line voice / Call centre,373,ruled_mapped,1.0,NC-0283,Non-Clinical > ICT > Telecommunications > Fixed Line & VoIP Services > Fixed Line & VoIP Services,YES
northern_health,2990,Non-Clinical > ICT > Telecommunications > Managed Services > Vendor Managed services,Non-Clinical > ICT > Telecommunications > Managed Services > Vendor Managed services,387,ruled_mapped,1.0,NC-0285,Non-Clinical > ICT > Telecommunications > Mobile Network Services > Mobile Network Services,YES
northern_health,2991,Non-Clinical > Recruitment and Agency > Recruitment & Temp Staff > ICT Contingent Staff > ICT Contingent Staff,Non-Clinical > Recruitment and Agency > Recruitment & Temp Staff > ICT Contingent Staff,0,ruled_mapped,1.0,NC-0027,Non-Clinical > Corporate Services > HR Services > Recruitment & Temp Staff > ICT Contingent Staff,YES
northern_health,2993,Non-Clinical > Corporate Services > Outsourced Admin Service > Invoice Processing > Invoice Processing,Non-Clinical > Corporate Services > Outsourced Admin Service > Invoice Processing,0,exact,1.0,NC-0033,Non-Clinical > Corporate Services > Outsourced Admin Service > Invoice Processing > Invoice Processing,
northern_health,2994,Non-Clinical > Professional Services > Advisory Services > Procurement Consulting > Procurement Consulting,Non-Clinical > Professional Services > Advisory Services > Procurement Consulting,0,exact,1.0,NC-0320,Non-Clinical > Professional Services > Advisory Services > Procurement Consulting > Procurement Consulting,
northern_health,2996,Non-Clinical > Logistics > Transport > Courier > Courier Fees,Non-Clinical > Logistics > Transport > Courier > Courier Fees,0,ruled_mapped,1.0,NC-0003,Non-Clinical > Corporate Services > Courier and Postal Services > Courier Services > Courier Services,YES
northern_health,2998,Non-Procurement > NonProcurement > Reimbursements > Doctor Payments > Doctor Payments,Non-Procurement > Reimbursements > Doctor Payments,47207,ruled_kept,1.0,NP-0013,Non-Procurement > Reimbursements > Doctor Payments > Doctor Payments > Doctor Payments,
northern_health,3,Non-Clinical > Facilities Management > Soft Facilities Management > Catering Services > Catering Services,Non-Clinical > Facilities Management > Soft Facilities Management > Catering Services,13243,ruled_mapped,1.0,NC-0066,Non-Clinical > Facilities Management > Soft Facilities Management > Catering Services > Catering Services - Other,YES
northern_health,30,Non-Clinical > Facilities Management > Soft Facilities Management > Pest Control Services > Pest Control Services,Non-Clinical > Facilities Management > Soft Facilities Management > Pest Control Services,493,exact,1.0,NC-0088,Non-Clinical > Facilities Management > Soft Facilities Management > Pest Control Services > Pest Control Services,
northern_health,3001,Non-Clinical > Facilities Management > Non Yet Categorized > Non Yet Categorized > Non Yet Categorized,Non-Clinical > Facilities Management > Not Yet Categorized,20966,dropped_by_ruling,1.0,,,YES
northern_health,3002,Non-Clinical > Corporate Services > Non Yet Categorized > Non Yet Categorized > Non Yet Categorized,Non-Clinical > Corporate Services > Not Yet Categorized,27559,dropped_by_ruling,1.0,,,YES
northern_health,3003,Non-Clinical > Professional Services > Non Yet Categorized > Non Yet Categorized > Non Yet Categorized,Non-Clinical > Professional Services > Not Yet Categorized,1538,dropped_by_ruling,1.0,,,YES
northern_health,3004,Non-Clinical > ICT > Non Yet Categorized > Non Yet Categorized > Non Yet Categorized,Non-Clinical > ICT > Not Yet Categorized,3800,dropped_by_ruling,1.0,,,YES
northern_health,3005,Non-Clinical > Logistics > Non Yet Categorized > Non Yet Categorized > Non Yet Categorized,Non-Clinical > Logistics > Not Yet Categorized,5294,dropped_by_ruling,1.0,,,YES
northern_health,3006,Non-Clinical > Travel > Non Yet Categorized > Non Yet Categorized > Non Yet Categorized,Non-Clinical > Travel > Not Yet Categorized,46,ruled_mapped,1.0,NC-0296,Non-Clinical > Logistics > Travel > Travel - Other > Travel - Other,YES
northern_health,3007,Non-Clinical > Fleet and Vehicles > Non Yet Categorized > Non Yet Categorized > Non Yet Categorized,Non-Clinical > Fleet and Vehicles > Not Yet Categorized,137,dropped_by_ruling,1.0,,,YES
northern_health,3008,Non-Clinical > Property > Non Yet Categorized > Non Yet Categorized > Non Yet Categorized,Non-Clinical > Property > Not Yet Categorized,1462,ruled_mapped,1.0,NP-0011,Non-Procurement > Property Management > Property Management - Other > Property Management - Other > Property Management - Other,YES
northern_health,3009,Non-Clinical > Recruitment and Agency > Non Yet Categorized > Non Yet Categorized > Non Yet Categorized,Non-Clinical > Recruitment and Agency > Not Yet Categorized,5,ruled_mapped,1.0,NC-0022,Non-Clinical > Corporate Services > HR Services > HR Services - Other > HR Services - Other,YES
northern_health,3010,Non-Clinical > Marketing and Advertising > Non Yet Categorized > Non Yet Categorized > Non Yet Categorized,Non-Clinical > Marketing and Advertising > Not Yet Categorized,229,dropped_by_ruling,1.0,,,YES
northern_health,3011,Non-Clinical > Equipment Hire > Non Yet Categorized > Non Yet Categorized > Non Yet Categorized,Non-Clinical > Equipment Hire > Not Yet Categorized,1042,dropped_by_ruling,1.0,,,YES
northern_health,3012,"Non-Clinical > Maintenance, Repairs and Operations > Non Yet Categorized > Non Yet Categorized > Non Yet Categorized","Non-Clinical > Maintenance, Repairs and Operations > Not Yet Categorized",14062,dropped_by_ruling,1.0,,,YES
northern_health,3013,Non-Clinical > Safety Equipment and PPE > Non Yet Categorized > Non Yet Categorized > Non Yet Categorized,Non-Clinical > Safety Equipment and PPE > Not Yet Categorized,20769,dropped_by_ruling,1.0,,,YES
northern_health,3014,Non-Clinical > HR Services > Non Yet Categorized > Non Yet Categorized > Non Yet Categorized,Non-Clinical > HR Services > Not Yet Categorized,0,ruled_mapped,1.0,NC-0022,Non-Clinical > Corporate Services > HR Services > HR Services - Other > HR Services - Other,YES
northern_health,32,Non-Clinical > Facilities Management > Soft Facilities Management > Security Services > Security Services,Non-Clinical > Facilities Management > Soft Facilities Management > Security Services,2467,exact,1.0,NC-0090,Non-Clinical > Facilities Management > Soft Facilities Management > Security Services > Security Services,
northern_health,33,Non-Clinical > Facilities Management > Soft Facilities Management > Waste Management / Disposal Services > Waste Management / Disposal Services,Non-Clinical > Facilities Management > Soft Facilities Management > Waste Management / Disposal Services,47,ruled_mapped,1.0,NC-0061,Non-Clinical > Facilities Management > Hard Facilities Management > Waste Management > Waste Management and Disposal,YES
northern_health,34,Non-Clinical > Facilities Management > Soft Facilities Management > Utilities > Electricity,Non-Clinical > Facilities Management > Soft Facilities Management > Utilities > Electricity,3217,ruled_mapped,1.0,NC-0057,Non-Clinical > Facilities Management > Hard Facilities Management > Utilities > Electricity,YES
northern_health,35,Non-Clinical > Facilities Management > Soft Facilities Management > Utilities > Gas,Non-Clinical > Facilities Management > Soft Facilities Management > Utilities > Gas,620,ruled_mapped,1.0,NC-0058,Non-Clinical > Facilities Management > Hard Facilities Management > Utilities > Gas,YES
northern_health,36,Non-Clinical > Facilities Management > Soft Facilities Management > Utilities > Water and Sewerage,Non-Clinical > Facilities Management > Soft Facilities Management > Utilities > Water and Sewerage,442,ruled_mapped,1.0,NC-0059,Non-Clinical > Facilities Management > Hard Facilities Management > Utilities > Water and Sewerage,YES
northern_health,37,"Non-Clinical > Facilities Management > Soft Facilities Management > Apparel, Uniforms & Clothing > Other Clothing","Non-Clinical > Facilities Management > Soft Facilities Management > Apparel, Uniforms & Clothing > Other Clothing",28,exact,1.0,NC-0064,"Non-Clinical > Facilities Management > Soft Facilities Management > Apparel, Uniforms & Clothing > Other Clothing",
northern_health,372,Non-Clinical > Facilities Management > Soft Facilities Management > Food and Beverage > Food,Non-Clinical > Facilities Management > Soft Facilities Management > Food and Beverage > Food,0,dropped_by_ruling,1.0,,,YES
northern_health,373,Non-Clinical > Facilities Management > Soft Facilities Management > Food and Beverage > Food,Non-Clinical > Facilities Management > Soft Facilities Management > Food and Beverage > Food,0,dropped_by_ruling,1.0,,,YES
northern_health,374,Non-Clinical > Facilities Management > Soft Facilities Management > Food and Beverage > Food,Non-Clinical > Facilities Management > Soft Facilities Management > Food and Beverage > Food,0,dropped_by_ruling,1.0,,,YES
northern_health,375,Non-Clinical > Facilities Management > Soft Facilities Management > Food and Beverage > Food,Non-Clinical > Facilities Management > Soft Facilities Management > Food and Beverage > Food,13,dropped_by_ruling,1.0,,,YES
northern_health,376,Non-Clinical > Facilities Management > Soft Facilities Management > Food and Beverage > Food,Non-Clinical > Facilities Management > Soft Facilities Management > Food and Beverage > Food,0,dropped_by_ruling,1.0,,,YES
northern_health,377,Non-Clinical > Facilities Management > Soft Facilities Management > Food and Beverage > Beverages,Non-Clinical > Facilities Management > Soft Facilities Management > Food and Beverage > Beverages,0,ruled_mapped,1.0,NC-0124,Non-Clinical > Food & Beverages > Beverages > Beverages - Other > Beverages - Other,YES
northern_health,378,Non-Clinical > Facilities Management > Soft Facilities Management > Food and Beverage > Food,Non-Clinical > Facilities Management > Soft Facilities Management > Food and Beverage > Food,0,dropped_by_ruling,1.0,,,YES
northern_health,379,Non-Clinical > Facilities Management > Soft Facilities Management > Food and Beverage > Food,Non-Clinical > Facilities Management > Soft Facilities Management > Food and Beverage > Food,0,dropped_by_ruling,1.0,,,YES
northern_health,38,"Non-Clinical > Facilities Management > Soft Facilities Management > Apparel, Uniforms & Clothing > Corporate uniforms","Non-Clinical > Facilities Management > Soft Facilities Management > Apparel, Uniforms & Clothing > Corporate uniforms",201,exact,1.0,NC-0063,"Non-Clinical > Facilities Management > Soft Facilities Management > Apparel, Uniforms & Clothing > Corporate uniforms",
northern_health,380,Non-Clinical > Facilities Management > Soft Facilities Management > Food and Beverage > Food,Non-Clinical > Facilities Management > Soft Facilities Management > Food and Beverage > Food,0,dropped_by_ruling,1.0,,,YES
northern_health,381,Non-Clinical > Facilities Management > Soft Facilities Management > Food and Beverage > Food,Non-Clinical > Facilities Management > Soft Facilities Management > Food and Beverage > Food,7902,dropped_by_ruling,1.0,,,YES
northern_health,382,Non-Clinical > Facilities Management > Soft Facilities Management > Food and Beverage > Food,Non-Clinical > Facilities Management > Soft Facilities Management > Food and Beverage > Food,0,dropped_by_ruling,1.0,,,YES
northern_health,383,Non-Clinical > Facilities Management > Soft Facilities Management > Food and Beverage > Food,Non-Clinical > Facilities Management > Soft Facilities Management > Food and Beverage > Food,0,dropped_by_ruling,1.0,,,YES
northern_health,384,Non-Clinical > Facilities Management > Soft Facilities Management > Food and Beverage > Food,Non-Clinical > Facilities Management > Soft Facilities Management > Food and Beverage > Food,1267,dropped_by_ruling,1.0,,,YES
northern_health,385,Non-Clinical > Facilities Management > Soft Facilities Management > Food and Beverage > Beverages,Non-Clinical > Facilities Management > Soft Facilities Management > Food and Beverage > Beverages,9028,ruled_mapped,1.0,NC-0124,Non-Clinical > Food & Beverages > Beverages > Beverages - Other > Beverages - Other,YES
northern_health,386,Non-Clinical > Facilities Management > Soft Facilities Management > Food and Beverage > Beverages,Non-Clinical > Facilities Management > Soft Facilities Management > Food and Beverage > Beverages,0,ruled_mapped,1.0,NC-0124,Non-Clinical > Food & Beverages > Beverages > Beverages - Other > Beverages - Other,YES
northern_health,387,Non-Clinical > Facilities Management > Soft Facilities Management > Food and Beverage > Food,Non-Clinical > Facilities Management > Soft Facilities Management > Food and Beverage > Food,0,dropped_by_ruling,1.0,,,YES
northern_health,388,Non-Clinical > Facilities Management > Soft Facilities Management > Food and Beverage > Food,Non-Clinical > Facilities Management > Soft Facilities Management > Food and Beverage > Food,0,dropped_by_ruling,1.0,,,YES
northern_health,389,Non-Clinical > Facilities Management > Soft Facilities Management > Food and Beverage > Food,Non-Clinical > Facilities Management > Soft Facilities Management > Food and Beverage > Food,0,dropped_by_ruling,1.0,,,YES
northern_health,39,Non-Clinical > Facilities Management > Soft Facilities Management > Cleaning Equipment & Supplies > Cleaning and janitorial supplies,Non-Clinical > Facilities Management > Soft Facilities Management > Cleaning Equipment & Supplies > Cleaning and janitorial supplies,28928,exact,1.0,NC-0069,Non-Clinical > Facilities Management > Soft Facilities Management > Cleaning Equipment & Supplies > Cleaning and janitorial supplies,
northern_health,390,Non-Clinical > Facilities Management > Soft Facilities Management > Food and Beverage > Food,Non-Clinical > Facilities Management > Soft Facilities Management > Food and Beverage > Food,0,dropped_by_ruling,1.0,,,YES
northern_health,391,Non-Clinical > Facilities Management > Soft Facilities Management > Food and Beverage > Food,Non-Clinical > Facilities Management > Soft Facilities Management > Food and Beverage > Food,0,dropped_by_ruling,1.0,,,YES
northern_health,392,Non-Clinical > Facilities Management > Soft Facilities Management > Food and Beverage > Food,Non-Clinical > Facilities Management > Soft Facilities Management > Food and Beverage > Food,0,dropped_by_ruling,1.0,,,YES
northern_health,393,Non-Clinical > Facilities Management > Soft Facilities Management > Food and Beverage > Food,Non-Clinical > Facilities Management > Soft Facilities Management > Food and Beverage > Food,0,dropped_by_ruling,1.0,,,YES
northern_health,394,Non-Clinical > Facilities Management > Soft Facilities Management > Food and Beverage > Food,Non-Clinical > Facilities Management > Soft Facilities Management > Food and Beverage > Food,0,dropped_by_ruling,1.0,,,YES
northern_health,395,Non-Clinical > Facilities Management > Soft Facilities Management > Food and Beverage > Food,Non-Clinical > Facilities Management > Soft Facilities Management > Food and Beverage > Food,0,dropped_by_ruling,1.0,,,YES
northern_health,396,Non-Clinical > Facilities Management > Soft Facilities Management > Food and Beverage > Food,Non-Clinical > Facilities Management > Soft Facilities Management > Food and Beverage > Food,0,dropped_by_ruling,1.0,,,YES
northern_health,397,Non-Clinical > Facilities Management > Soft Facilities Management > Food and Beverage > Food,Non-Clinical > Facilities Management > Soft Facilities Management > Food and Beverage > Food,0,dropped_by_ruling,1.0,,,YES
northern_health,398,Non-Clinical > Facilities Management > Soft Facilities Management > Food and Beverage > Food,Non-Clinical > Facilities Management > Soft Facilities Management > Food and Beverage > Food,0,dropped_by_ruling,1.0,,,YES
northern_health,399,Non-Clinical > Facilities Management > Soft Facilities Management > Food and Beverage > Food,Non-Clinical > Facilities Management > Soft Facilities Management > Food and Beverage > Food,0,dropped_by_ruling,1.0,,,YES
northern_health,40,Non-Clinical > Facilities Management > Soft Facilities Management > Cleaning Equipment & Supplies > Industrial laundry and dry cleaning equipment,Non-Clinical > Facilities Management > Soft Facilities Management > Cleaning Equipment & Supplies > Industrial laundry and dry cleaning equipment,0,exact,1.0,NC-0070,Non-Clinical > Facilities Management > Soft Facilities Management > Cleaning Equipment & Supplies > Industrial laundry and dry cleaning equipment,
northern_health,400,Non-Clinical > Facilities Management > Soft Facilities Management > Food and Beverage > Food,Non-Clinical > Facilities Management > Soft Facilities Management > Food and Beverage > Food,0,dropped_by_ruling,1.0,,,YES
northern_health,401,Non-Clinical > Facilities Management > Soft Facilities Management > Food and Beverage > Food,Non-Clinical > Facilities Management > Soft Facilities Management > Food and Beverage > Food,0,dropped_by_ruling,1.0,,,YES
northern_health,402,Non-Clinical > Facilities Management > Soft Facilities Management > Food and Beverage > Food,Non-Clinical > Facilities Management > Soft Facilities Management > Food and Beverage > Food,0,dropped_by_ruling,1.0,,,YES
northern_health,403,Non-Clinical > Facilities Management > Soft Facilities Management > Food and Beverage > Food,Non-Clinical > Facilities Management > Soft Facilities Management > Food and Beverage > Food,0,dropped_by_ruling,1.0,,,YES
northern_health,404,Non-Clinical > Facilities Management > Soft Facilities Management > Food and Beverage > Food,Non-Clinical > Facilities Management > Soft Facilities Management > Food and Beverage > Food,0,dropped_by_ruling,1.0,,,YES
northern_health,405,Non-Clinical > Facilities Management > Soft Facilities Management > Food and Beverage > Food,Non-Clinical > Facilities Management > Soft Facilities Management > Food and Beverage > Food,0,dropped_by_ruling,1.0,,,YES
northern_health,406,Non-Clinical > Facilities Management > Soft Facilities Management > Food and Beverage > Food,Non-Clinical > Facilities Management > Soft Facilities Management > Food and Beverage > Food,0,dropped_by_ruling,1.0,,,YES
northern_health,407,Non-Clinical > Facilities Management > Soft Facilities Management > Food and Beverage > Food,Non-Clinical > Facilities Management > Soft Facilities Management > Food and Beverage > Food,0,dropped_by_ruling,1.0,,,YES
northern_health,408,"Non-Clinical > Maintenance, Repairs and Operations > Maintenance, Repairs and Operations > Maintenance, Repairs and Operations > Maintenance, Repairs and Operations","Non-Clinical > Maintenance, Repairs and Operations",0,ruled_mapped,1.0,NC-0056,"Non-Clinical > Facilities Management > Hard Facilities Management > Maintenance, Repairs and Operations > Maintenance, Repairs and Operations",YES
northern_health,41,Non-Clinical > Facilities Management > Soft Facilities Management > Cleaning Equipment & Supplies > Toxic and hazardous waste cleanup products,Non-Clinical > Facilities Management > Soft Facilities Management > Cleaning Equipment & Supplies > Toxic and hazardous waste cleanup products,4,exact,1.0,NC-0072,Non-Clinical > Facilities Management > Soft Facilities Management > Cleaning Equipment & Supplies > Toxic and hazardous waste cleanup products,
northern_health,42,Non-Clinical > Facilities Management > Soft Facilities Management > Cleaning Equipment & Supplies > Water and wastewater treatment supply and disposal,Non-Clinical > Facilities Management > Soft Facilities Management > Cleaning Equipment & Supplies > Water and wastewater treatment supply and disposal,185,ruled_mapped,1.0,NC-0060,Non-Clinical > Facilities Management > Hard Facilities Management > Waste Management > Hazardous Waste Management and Disposal,YES
northern_health,422,Non-Clinical > Corporate Services > Subscriptions and Memberships > Subscriptions and Memberships > Subscriptions and Memberships,Non-Clinical > Corporate Services > Subscriptions and Memberships,25,ruled_kept,1.0,NC-0038,Non-Clinical > Corporate Services > Subscriptions and Memberships > Subscriptions and Memberships > Subscriptions and Memberships,
northern_health,43,Non-Clinical > Facilities Management > Soft Facilities Management > Service Industry Equipment Supplies > Food services equipment,Non-Clinical > Facilities Management > Soft Facilities Management > Service Industry Equipment Supplies > Food services equipment,0,exact,1.0,NC-0091,Non-Clinical > Facilities Management > Soft Facilities Management > Service Industry Equipment Supplies > Food services equipment,
northern_health,44,Non-Clinical > Facilities Management > Soft Facilities Management > Service Industry Equipment Supplies > Vending machines,Non-Clinical > Facilities Management > Soft Facilities Management > Service Industry Equipment Supplies > Vending machines,0,exact,1.0,NC-0092,Non-Clinical > Facilities Management > Soft Facilities Management > Service Industry Equipment Supplies > Vending machines,
northern_health,45,Non-Clinical > Facilities Management > Hard Facilities Management > Building Repairs and Maintenance > HVAC,Non-Clinical > Facilities Management > Hard Facilities Management > Building Repairs and Maintenance > HVAC,1453,exact,1.0,NC-0044,Non-Clinical > Facilities Management > Hard Facilities Management > Building Repairs and Maintenance > HVAC,
northern_health,46,Non-Clinical > Facilities Management > Hard Facilities Management > Building Repairs and Maintenance > Building Management Systems,Non-Clinical > Facilities Management > Hard Facilities Management > Building Repairs and Maintenance > Building Management Systems,737,exact,1.0,NC-0040,Non-Clinical > Facilities Management > Hard Facilities Management > Building Repairs and Maintenance > Building Management Systems,
northern_health,47,Non-Clinical > Facilities Management > Hard Facilities Management > Building Repairs and Maintenance > Building Repairs,Non-Clinical > Facilities Management > Hard Facilities Management > Building Repairs and Maintenance > Building Repairs,1455,exact,1.0,NC-0041,Non-Clinical > Facilities Management > Hard Facilities Management > Building Repairs and Maintenance > Building Repairs,
northern_health,48,Non-Clinical > Facilities Management > Hard Facilities Management > Building Repairs and Maintenance > Grounds Maintenance,Non-Clinical > Facilities Management > Hard Facilities Management > Building Repairs and Maintenance > Grounds Maintenance,25,exact,1.0,NC-0043,Non-Clinical > Facilities Management > Hard Facilities Management > Building Repairs and Maintenance > Grounds Maintenance / Landscaping,
northern_health,49,Non-Clinical > Facilities Management > Hard Facilities Management > Building Repairs and Maintenance > Lifts and Escalators,Non-Clinical > Facilities Management > Hard Facilities Management > Building Repairs and Maintenance > Lifts and Escalators,141,exact,1.0,NC-0045,Non-Clinical > Facilities Management > Hard Facilities Management > Building Repairs and Maintenance > Lifts and Escalators,
northern_health,495,Non-Clinical > Corporate Services > Quality and Compliance Fees > Quality and Compliance Fees > Quality and Compliance Fees,Non-Clinical > Corporate Services > Quality and Compliance Fees,256,ruled_kept,1.0,NC-0035,Non-Clinical > Corporate Services > Quality and Compliance Fees > Quality and Compliance Fees > Quality and Compliance Fees,
northern_health,50,Non-Clinical > Facilities Management > Hard Facilities Management > Building Repairs and Maintenance > Plumbing Installation and maintenance,Non-Clinical > Facilities Management > Hard Facilities Management > Building Repairs and Maintenance > Plumbing Installation and maintenance,834,exact,1.0,NC-0047,Non-Clinical > Facilities Management > Hard Facilities Management > Building Repairs and Maintenance > Plumbing Installation and Maintenance,
northern_health,51,Non-Clinical > Facilities Management > Hard Facilities Management > Fires Safety and Security > Alarm Monitoring,Non-Clinical > Facilities Management > Hard Facilities Management > Fires Safety and Security > Alarm Monitoring,90,exact,1.0,NC-0051,Non-Clinical > Facilities Management > Hard Facilities Management > Fire Safety and Security > Alarm Monitoring,
northern_health,52,"Non-Clinical > Facilities Management > Hard Facilities Management > Fires Safety and Security > Fire Monitoring Services, Equipment, Testing and Maintenance","Non-Clinical > Facilities Management > Hard Facilities Management > Fires Safety and Security > Fire Monitoring Services, Equipment, Testing and Maintenance",1061,exact,1.0,NC-0054,"Non-Clinical > Facilities Management > Hard Facilities Management > Fire Safety and Security > Fire Monitoring Services, Equipment, Testing and Maintenance",
northern_health,52151646,Non-Clinical > Facilities Management > Soft Facilities Management > Service Industry Equipment Supplies > Food services equipment,Non-Clinical > Facilities Management > Soft Facilities Management > Service Industry Equipment Supplies > Food services equipment,0,exact,1.0,NC-0091,Non-Clinical > Facilities Management > Soft Facilities Management > Service Industry Equipment Supplies > Food services equipment,
northern_health,524,Non-Clinical > Facilities Management > Soft Facilities Management > Food and Beverage > Food Packaging Supplies,Non-Clinical > Facilities Management > Soft Facilities Management > Food and Beverage > Food Packaging Supplies,0,ruled_mapped,1.0,NC-0075,Non-Clinical > Facilities Management > Soft Facilities Management > Consumables & Disposables > Food Containers and Utensils,YES
northern_health,525,Non-Clinical > Recruitment and Agency > Recruitment & Temp Staff > Doctor / Consultant > Doctor / Consultant,Non-Clinical > Recruitment and Agency > Recruitment & Temp Staff > Doctor / Consultant,541,ruled_mapped,1.0,NC-0026,Non-Clinical > Corporate Services > HR Services > Recruitment & Temp Staff > Doctor / Consultant,YES
northern_health,526,Non-Clinical > Recruitment and Agency > Recruitment & Temp Staff > Nursing Staff > Nursing Staff,Non-Clinical > Recruitment and Agency > Recruitment & Temp Staff > Nursing Staff,13582,ruled_mapped,1.0,NC-0028,Non-Clinical > Corporate Services > HR Services > Recruitment & Temp Staff > Nursing Staff,YES
northern_health,527,Non-Clinical > ICT > Software > Applications Software > Non Clinical,Non-Clinical > ICT > Software > Applications Software > Non Clinical,418,ruled_mapped,1.0,NC-0279,Non-Clinical > ICT > ICT Software > ICT Software - Other > ICT Software - Other,YES
northern_health,528,Non-Clinical > ICT > Software > Applications Software > Clinical,Non-Clinical > ICT > Software > Applications Software > Clinical,288,ruled_mapped,1.0,NC-0279,Non-Clinical > ICT > ICT Software > ICT Software - Other > ICT Software - Other,YES
northern_health,529,Non-Clinical > ICT > Software Maintenance & Support > Applications Software - Non Clinical > Applications Software - N.E.C,Non-Clinical > ICT > Software Maintenance & Support > Applications Software - Non Clinical > Applications Software - N.E.C,0,ruled_mapped,1.0,NC-0279,Non-Clinical > ICT > ICT Software > ICT Software - Other > ICT Software - Other,YES
northern_health,531,Non-Procurement > Re-imbursements and Recoveries > Patient Recovery > Patient Recovery > Patient Recovery,Non-Procurement > Re-imbursements and Recoveries > Patient Recovery,3717,ruled_mapped,1.0,NP-0016,Non-Procurement > Reimbursements > Patient Recovery > Patient Recovery > Patient Recovery,YES
northern_health,53131626,Non-Clinical > Facilities Management > Soft Facilities Management > Cleaning Equipment & Supplies > Hand Cleaner,Non-Clinical > Facilities Management > Soft Facilities Management > Cleaning Equipment & Supplies > Hand Cleaner,0,exact,1.0,NC-0071,Non-Clinical > Facilities Management > Soft Facilities Management > Cleaning Equipment & Supplies > Sanitisers,
northern_health,54,Non-Clinical > Corporate Services > Financial Services > Debt Recovery > Debt Recovery,Non-Clinical > Corporate Services > Financial Services > Debt Recovery,31,exact,1.0,NC-0009,Non-Clinical > Corporate Services > Financial Services > Debt Recovery > Debt Recovery,
northern_health,55,Non-Clinical > Professional Services > Technical Professional Services > Other Professional Services > Other Professional Services,Non-Clinical > Professional Services > Technical Professional Services > Other Professional Services,107,exact,1.0,NC-0330,Non-Clinical > Professional Services > Technical Professional Services > Other Professional Services > Other Professional Services,
northern_health,56,Non-Clinical > Professional Services > Advisory Services > Engineering Consultant > Engineering Consultant,Non-Clinical > Professional Services > Advisory Services > Engineering Consultant,0,exact,1.0,NC-0315,Non-Clinical > Professional Services > Advisory Services > Engineering Consultant > Engineering Consultant,
northern_health,59,Non-Clinical > Professional Services > Advisory Services > Security Consulting > Security Consulting,Non-Clinical > Professional Services > Advisory Services > Security Consulting,39,exact,1.0,NC-0321,Non-Clinical > Professional Services > Advisory Services > Security Consulting > Security Consulting,
northern_health,60,Non-Clinical > Professional Services > Advisory Services > Legal Consulting > Legal Consulting,Non-Clinical > Professional Services > Advisory Services > Legal Consulting,90,exact,1.0,NC-0318,Non-Clinical > Professional Services > Advisory Services > Legal Consulting > Legal Consulting,
northern_health,64,Non-Clinical > Professional Services > Advisory Services > Business Consulting > Business Consulting,Non-Clinical > Professional Services > Advisory Services > Business Consulting,0,exact,1.0,NC-0313,Non-Clinical > Professional Services > Advisory Services > Business Consulting > Business Consulting,
northern_health,66,Non-Clinical > Professional Services > Advisory Services > Education Consultants > Education Consultants,Non-Clinical > Professional Services > Advisory Services > Education Consultants,0,exact,1.0,NC-0314,Non-Clinical > Professional Services > Advisory Services > Education Consultants > Education Consultants,
northern_health,68,Non-Clinical > Professional Services > Advisory Services > HR Consulting > HR Consulting,Non-Clinical > Professional Services > Advisory Services > HR Consulting,0,exact,1.0,NC-0317,Non-Clinical > Professional Services > Advisory Services > HR Consulting > HR Consulting,
northern_health,69,Non-Clinical > Professional Services > Advisory Services > Training Consultants > Training Consultants,Non-Clinical > Professional Services > Advisory Services > Training Consultants,0,exact,1.0,NC-0322,Non-Clinical > Professional Services > Advisory Services > Training Consultants > Training Consultants,
northern_health,70,Non-Clinical > ICT > Consulting Services > ICT Consulting Services > ICT Consulting Services,Non-Clinical > ICT > Consulting Services > ICT Consulting Services,3,ruled_mapped,1.0,NC-0273,Non-Clinical > ICT > ICT Professional Services > IT Consulting & Strategy > IT Consulting & Strategy,YES
northern_health,71,Non-Clinical > Professional Services > Advisory Services > Marketing Consulting > Marketing Consulting,Non-Clinical > Professional Services > Advisory Services > Marketing Consulting,0,exact,1.0,NC-0319,Non-Clinical > Professional Services > Advisory Services > Marketing Consulting > Marketing Consulting,
northern_health,72,Non-Clinical > Corporate Services > Financial Services > Bank Charges > Bank Charges,Non-Clinical > Corporate Services > Financial Services > Bank Charges,34,exact,1.0,NC-0006,Non-Clinical > Corporate Services > Financial Services > Bank Charges > Bank Charges,
northern_health,73,Non-Clinical > Corporate Services > Financial Services > Cash Management Services > Cash Management Services,Non-Clinical > Corporate Services > Financial Services > Cash Management Services,0,exact,1.0,NC-0007,Non-Clinical > Corporate Services > Financial Services > Cash Management Services > Cash Management Services,
northern_health,74,Non-Clinical > Corporate Services > Financial Services > Worker's Compensation Insurance > Worker's Compensation Insurance,Non-Clinical > Corporate Services > Financial Services > Worker's Compensation Insurance,0,exact,1.0,NC-0018,Non-Clinical > Corporate Services > Financial Services > Workers Compensation Insurance > Workers Compensation Insurance,
northern_health,75,Non-Clinical > Corporate Services > Financial Services > Corporate Insurance > Corporate Insurance,Non-Clinical > Corporate Services > Financial Services > Corporate Insurance,322,exact,1.0,NC-0008,Non-Clinical > Corporate Services > Financial Services > Corporate Insurance > Corporate Insurance,
northern_health,78,Non-Clinical > Corporate Services > Financial Services > Financial Services General > Financial Services General,Non-Clinical > Corporate Services > Financial Services > Financial Services General,65,exact,1.0,NC-0010,Non-Clinical > Corporate Services > Financial Services > Financial Services General > Financial Services General,
northern_health,79,Non-Clinical > Corporate Services > Financial Services > Insurance Brokers > Insurance Brokers,Non-Clinical > Corporate Services > Financial Services > Insurance Brokers,0,exact,1.0,NC-0011,Non-Clinical > Corporate Services > Financial Services > Insurance Brokers > Insurance Brokers,
northern_health,80,Non-Clinical > Corporate Services > Financial Services > Leasing Brokers (Equipment) > Leasing Brokers (Equipment),Non-Clinical > Corporate Services > Financial Services > Leasing Brokers (Equipment),2,exact,1.0,NC-0012,Non-Clinical > Corporate Services > Financial Services > Leasing Brokers (Equipment) > Leasing Brokers (Equipment),
northern_health,81,Non-Clinical > Professional Services > Technical Professional Services > Audit Services > Audit Services,Non-Clinical > Professional Services > Technical Professional Services > Audit Services,0,exact,1.0,NC-0324,Non-Clinical > Professional Services > Technical Professional Services > Audit Services > Audit Services,
northern_health,82,Non-Clinical > Professional Services > Technical Professional Services > Certification > Certification,Non-Clinical > Professional Services > Technical Professional Services > Certification,0,exact,1.0,NC-0325,Non-Clinical > Professional Services > Technical Professional Services > Certification > Certification,
northern_health,83,Non-Clinical > Professional Services > Technical Professional Services > Copyright Services > Copyright Services,Non-Clinical > Professional Services > Technical Professional Services > Copyright Services,0,exact,1.0,NC-0327,Non-Clinical > Professional Services > Technical Professional Services > Copyright Services > Copyright Services,
northern_health,84,Non-Clinical > Professional Services > Technical Professional Services > Education Providers > Education Providers,Non-Clinical > Professional Services > Technical Professional Services > Education Providers,1136,exact,1.0,NC-0328,Non-Clinical > Professional Services > Technical Professional Services > Education Providers > Education Providers,
northern_health,85,Non-Clinical > Professional Services > Technical Professional Services > Interpreters & Transcript Services > Interpreters & Transcript Services,Non-Clinical > Professional Services > Technical Professional Services > Interpreters & Transcript Services,924,exact,1.0,NC-0329,Non-Clinical > Professional Services > Technical Professional Services > Interpreters & Transcript Services > Interpreters & Transcript Services,
northern_health,87,Non-Clinical > Professional Services > Technical Professional Services > ICT Professional Services > ICT Professional Services,Non-Clinical > Professional Services > Technical Professional Services > ICT Professional Services,736,ruled_mapped,1.0,NC-0273,Non-Clinical > ICT > ICT Professional Services > IT Consulting & Strategy > IT Consulting & Strategy,YES
northern_health,9,"Non-Clinical > Facilities Management > Soft Facilities Management > Furniture, fittings and equipment > Furniture, fittings and equipment","Non-Clinical > Facilities Management > Soft Facilities Management > Furniture, fittings and equipment",9832,exact,1.0,NC-0082,"Non-Clinical > Facilities Management > Soft Facilities Management > Furniture, fittings and equipment > Furniture, fittings and equipment",
northern_health,97,Non-Clinical > Professional Services > Technical Professional Services > Architectural Design > Architectural Design,Non-Clinical > Professional Services > Technical Professional Services > Architectural Design,0,exact,1.0,NC-0323,Non-Clinical > Professional Services > Technical Professional Services > Architectural Design > Architectural Design,
northern_health,98,Non-Clinical > Professional Services > Technical Professional Services > Architectural Design > Architectural Design,Non-Clinical > Professional Services > Technical Professional Services > Architectural Design,22,exact,1.0,NC-0323,Non-Clinical > Professional Services > Technical Professional Services > Architectural Design > Architectural Design,
sydney_adventist,1,Non-Clinical > Facilities Management > Hard Facilities Management > Building Repairs and Maintenance > Electrical Installation and Maintenance,Non-Clinical > Facilities Management > Hard Facilities Management > Building Repairs and Maintenance > Electrical Installation and Maintenance,4972,exact,1.0,NC-0042,Non-Clinical > Facilities Management > Hard Facilities Management > Building Repairs and Maintenance > Electrical Installation and Maintenance,
sydney_adventist,101,Non-Clinical > ICT > Software > Applications Software - Non Clinical > Applications Software - PC Tablet,Non-Clinical > ICT > Software > Applications Software - Non Clinical > Applications Software - PC Tablet,383,ruled_mapped,1.0,NC-0279,Non-Clinical > ICT > ICT Software > ICT Software - Other > ICT Software - Other,YES
sydney_adventist,102,Non-Clinical > ICT > Software > Applications Software - Non Clinical > Applications Software - Security,Non-Clinical > ICT > Software > Applications Software - Non Clinical > Applications Software - Security,0,ruled_mapped,1.0,NC-0282,Non-Clinical > ICT > ICT Software > Security & Compliance Software > Security & Compliance Software,YES
sydney_adventist,103,Non-Clinical > ICT > Software Maintenance & Support > Applications Software - Non Clinical > Applications Software - PC Tablet,Non-Clinical > ICT > Software Maintenance & Support > Applications Software - Non Clinical > Applications Software - PC Tablet,229,ruled_mapped,1.0,NC-0279,Non-Clinical > ICT > ICT Software > ICT Software - Other > ICT Software - Other,YES
sydney_adventist,104,Non-Clinical > ICT > Software Maintenance & Support > Software Licensing and Maintenance > Software Licensing and Maintenance,Non-Clinical > ICT > Software Maintenance & Support > Software Licensing and Maintenance,1116,ruled_mapped,1.0,NC-0279,Non-Clinical > ICT > ICT Software > ICT Software - Other > ICT Software - Other,YES
sydney_adventist,105,Non-Clinical > ICT > Software Maintenance & Support > Applications Software - Non Clinical > Applications Software - Security,Non-Clinical > ICT > Software Maintenance & Support > Applications Software - Non Clinical > Applications Software - Security,0,ruled_mapped,1.0,NC-0279,Non-Clinical > ICT > ICT Software > ICT Software - Other > ICT Software - Other,YES
sydney_adventist,106,Non-Clinical > ICT > Hardware > Desktop / Laptop / Smartphones / Tablets / End User Computing > Desktop / Laptop / Smartphones / Tablets / End User Computing,Non-Clinical > ICT > Hardware > Desktop / Laptop / Smartphones / Tablets / End User Computing,75,ruled_mapped,1.0,NC-0264,Non-Clinical > ICT > ICT Hardware > End User Devices > End User Devices,YES
sydney_adventist,107,Non-Clinical > ICT > Hardware > Hardware End User Computing devices leased > Hardware End User Computing devices leased,Non-Clinical > ICT > Hardware > Hardware End User Computing devices leased,0,ruled_mapped,1.0,NC-0265,Non-Clinical > ICT > ICT Hardware > Hardware Leasing & Financing > Hardware Leasing & Financing,YES
sydney_adventist,108,Non-Clinical > ICT > Hardware > Desktop / Laptop / Smartphones / Tablets / End User Computing > Desktop / Laptop / Smartphones / Tablets / End User Computing,Non-Clinical > ICT > Hardware > Desktop / Laptop / Smartphones / Tablets / End User Computing,5,ruled_mapped,1.0,NC-0264,Non-Clinical > ICT > ICT Hardware > End User Devices > End User Devices,YES
sydney_adventist,109,Non-Clinical > ICT > Hardware > IT Network Hardware > IT Network Hardware,Non-Clinical > ICT > Hardware > IT Network Hardware,2562,ruled_mapped,1.0,NC-0269,Non-Clinical > ICT > ICT Hardware > Network Infrastructure > Network Infrastructure,YES
sydney_adventist,110,Non-Clinical > ICT > Hardware > Servers > Servers,Non-Clinical > ICT > Hardware > Servers,0,ruled_mapped,1.0,NC-0267,Non-Clinical > ICT > ICT Hardware > ICT Hardware - Other > ICT Hardware - Other,YES
sydney_adventist,1108,Non-Clinical > Facilities Management > Soft Facilities Management > Cleaning Equipment & Supplies > Hand Cleaner,Non-Clinical > Facilities Management > Soft Facilities Management > Cleaning Equipment & Supplies > Hand Cleaner,0,exact,1.0,NC-0071,Non-Clinical > Facilities Management > Soft Facilities Management > Cleaning Equipment & Supplies > Sanitisers,
sydney_adventist,111,Non-Clinical > ICT > Hardware > Storage > Storage,Non-Clinical > ICT > Hardware > Storage,0,ruled_mapped,1.0,NC-0271,Non-Clinical > ICT > ICT Hardware > Storage & Backup Devices > Storage & Backup Devices,YES
sydney_adventist,112,Non-Clinical > ICT > Hardware > IT Network Hardware > Power Supply,Non-Clinical > ICT > Hardware > IT Network Hardware > Power Supply,42,ruled_mapped,1.0,NC-0269,Non-Clinical > ICT > ICT Hardware > Network Infrastructure > Network Infrastructure,YES
sydney_adventist,114,Non-Clinical > ICT > Hardware > Printers and Multi-Function Print Devices > Printers and Multi-Function Devices,Non-Clinical > ICT > Hardware > Printers and Multi-Function Print Devices > Printers and Multi-Function Devices,191,ruled_mapped,1.0,NC-0270,Non-Clinical > ICT > ICT Hardware > Print & Imaging Devices > Print & Imaging Devices,YES
sydney_adventist,115,Non-Clinical > ICT > Hardware > Audio Visual Equipment > Audio Visual Equipment,Non-Clinical > ICT > Hardware > Audio Visual Equipment,1180,ruled_mapped,1.0,NC-0287,Non-Clinical > ICT > Telecommunications > Telephony & Conferencing Systems > Telephony & Conferencing Systems,YES
sydney_adventist,116,Non-Clinical > ICT > Hardware Maintenance & Support > Hardware Maintenance and testing > Desktop / Laptop / Smartphones / Tablets / End User Computing,Non-Clinical > ICT > Hardware Maintenance & Support > Hardware Maintenance and testing > Desktop / Laptop / Smartphones / Tablets / End User Computing,0,ruled_mapped,1.0,NC-0266,Non-Clinical > ICT > ICT Hardware > Hardware Maintenance & Support > Hardware Maintenance & Support,YES
sydney_adventist,119,Non-Clinical > ICT > Hardware Maintenance & Support > Hardware Maintenance and testing > IT Network Hardware,Non-Clinical > ICT > Hardware Maintenance & Support > Hardware Maintenance and testing > IT Network Hardware,0,ruled_mapped,1.0,NC-0266,Non-Clinical > ICT > ICT Hardware > Hardware Maintenance & Support > Hardware Maintenance & Support,YES
sydney_adventist,12,Non-Clinical > Facilities Management > Soft Facilities Management > Shredding Services > Shredding Services,Non-Clinical > Facilities Management > Soft Facilities Management > Shredding Services,0,ruled_mapped,1.0,NC-0037,Non-Clinical > Corporate Services > Records Management > Shredding Services > Shredding Services,YES
sydney_adventist,120,Non-Clinical > ICT > Hardware Maintenance & Support > Hardware Maintenance and testing > Servers,Non-Clinical > ICT > Hardware Maintenance & Support > Hardware Maintenance and testing > Servers,0,ruled_mapped,1.0,NC-0266,Non-Clinical > ICT > ICT Hardware > Hardware Maintenance & Support > Hardware Maintenance & Support,YES
sydney_adventist,121,Non-Clinical > ICT > Hardware Maintenance & Support > Hardware Maintenance and testing > Storage,Non-Clinical > ICT > Hardware Maintenance & Support > Hardware Maintenance and testing > Storage,0,ruled_mapped,1.0,NC-0266,Non-Clinical > ICT > ICT Hardware > Hardware Maintenance & Support > Hardware Maintenance & Support,YES
sydney_adventist,122,Non-Clinical > ICT > Hardware Maintenance & Support > Hardware Maintenance and testing > Power Supply,Non-Clinical > ICT > Hardware Maintenance & Support > Hardware Maintenance and testing > Power Supply,0,ruled_mapped,1.0,NC-0266,Non-Clinical > ICT > ICT Hardware > Hardware Maintenance & Support > Hardware Maintenance & Support,YES
sydney_adventist,123,Non-Clinical > ICT > Hardware Maintenance & Support > Hardware Maintenance and testing > Printers and Multi-Function Devices,Non-Clinical > ICT > Hardware Maintenance & Support > Hardware Maintenance and testing > Printers and Multi-Function Devices,1,ruled_mapped,1.0,NC-0266,Non-Clinical > ICT > ICT Hardware > Hardware Maintenance & Support > Hardware Maintenance & Support,YES
sydney_adventist,124,Non-Clinical > ICT > Hardware Maintenance & Support > Hardware Maintenance and testing > Audio Visual Equipment,Non-Clinical > ICT > Hardware Maintenance & Support > Hardware Maintenance and testing > Audio Visual Equipment,58,ruled_mapped,1.0,NC-0266,Non-Clinical > ICT > ICT Hardware > Hardware Maintenance & Support > Hardware Maintenance & Support,YES
sydney_adventist,128,Non-Clinical > ICT > Telecommunications > Mobile voice and data > Mobile voice and data,Non-Clinical > ICT > Telecommunications > Mobile voice and data,821,ruled_mapped,1.0,NC-0285,Non-Clinical > ICT > Telecommunications > Mobile Network Services > Mobile Network Services,YES
sydney_adventist,130,Non-Clinical > ICT > Telecommunications > Fixed Data (WAN) Services > Fixed Data (WAN) Services,Non-Clinical > ICT > Telecommunications > Fixed Data (WAN) Services,61,ruled_mapped,1.0,NC-0284,Non-Clinical > ICT > Telecommunications > Internet & Broadband Services > Internet & Broadband Services,YES
sydney_adventist,131,Non-Clinical > ICT > Telecommunications > Bulk SMS services > Bulk SMS services,Non-Clinical > ICT > Telecommunications > Bulk SMS services,63,ruled_mapped,1.0,NC-0285,Non-Clinical > ICT > Telecommunications > Mobile Network Services > Mobile Network Services,YES
sydney_adventist,132,Non-Clinical > ICT > Technical Services > Project Services > Project Services,Non-Clinical > ICT > Technical Services > Project Services,1,ruled_mapped,1.0,NC-0273,Non-Clinical > ICT > ICT Professional Services > IT Consulting & Strategy > IT Consulting & Strategy,YES
sydney_adventist,133,Non-Clinical > ICT > Technical Services > Operational Services > Operational Services,Non-Clinical > ICT > Technical Services > Operational Services,0,ruled_mapped,1.0,NC-0274,Non-Clinical > ICT > ICT Professional Services > Technical Support & Helpdesk > Technical Support & Helpdesk,YES
sydney_adventist,136,Non-Clinical > ICT > Telecommunications > Telecommunication Devices and Accessories > Telecommunication Devices and Accessories,Non-Clinical > ICT > Telecommunications > Telecommunication Devices and Accessories,35,ruled_mapped,1.0,NC-0286,Non-Clinical > ICT > Telecommunications > Telecom Hardware & Infrastructure > Telecom Hardware & Infrastructure,YES
sydney_adventist,138,Non-Clinical > Logistics > Travel > Air Travel > Air Travel,Non-Clinical > Logistics > Travel > Air Travel,0,exact,1.0,NC-0291,Non-Clinical > Logistics > Travel > Air Travel > Air Travel,
sydney_adventist,139,Non-Clinical > Logistics > Travel > Air Travel > Air Travel,Non-Clinical > Logistics > Travel > Air Travel,0,exact,1.0,NC-0291,Non-Clinical > Logistics > Travel > Air Travel > Air Travel,
sydney_adventist,140,Non-Clinical > Logistics > Travel > Ground Transport > Ground Transport,Non-Clinical > Logistics > Travel > Ground Transport,0,exact,1.0,NC-0292,Non-Clinical > Logistics > Travel > Ground Transport > Ground Transport,
sydney_adventist,141,Non-Clinical > Logistics > Travel > Hire Car > Hire Car,Non-Clinical > Logistics > Travel > Hire Car,556,exact,1.0,NC-0293,Non-Clinical > Logistics > Travel > Taxi & Car Hire > Taxi & Car Hire,
sydney_adventist,142,Non-Clinical > Logistics > Travel > Ground Transport > Ground Transport,Non-Clinical > Logistics > Travel > Ground Transport,0,exact,1.0,NC-0292,Non-Clinical > Logistics > Travel > Ground Transport > Ground Transport,
sydney_adventist,143,Non-Clinical > Travel > Transport Domestic > Transport Domestic > Transport Domestic,Non-Clinical > Travel > Transport Domestic,1,ruled_mapped,1.0,NC-0294,Non-Clinical > Logistics > Travel > Transport Domestic > Transport Domestic,YES
sydney_adventist,144,Non-Clinical > Logistics > Travel > Accomodation & Meals > Accomodation & Meals,Non-Clinical > Logistics > Travel > Accomodation & Meals,331,exact,1.0,NC-0290,Non-Clinical > Logistics > Travel > Accommodation & Meals > Accommodation & Meals,
sydney_adventist,15,Non-Clinical > Facilities Management > Soft Facilities Management > Records Management > Records Management,Non-Clinical > Facilities Management > Soft Facilities Management > Records Management,101,ruled_mapped,1.0,NC-0036,Non-Clinical > Corporate Services > Records Management > Document Storage > Document Storage,YES
sydney_adventist,159,Non-Clinical > Logistics > Transport > Patient Transport > Patient Transport,Non-Clinical > Logistics > Transport > Patient Transport,5,exact,1.0,NC-0289,Non-Clinical > Logistics > Transport > Patient Transport > Patient Transport,
sydney_adventist,16,"Non-Clinical > Facilities Management > Soft Facilities Management > Furniture, fittings and equipment > Furniture, fittings and equipment","Non-Clinical > Facilities Management > Soft Facilities Management > Furniture, fittings and equipment",1,exact,1.0,NC-0082,"Non-Clinical > Facilities Management > Soft Facilities Management > Furniture, fittings and equipment > Furniture, fittings and equipment",
sydney_adventist,160,Non-Clinical > Logistics > Transport > Courier > Courier Services,Non-Clinical > Logistics > Transport > Courier > Courier Services,2834,ruled_mapped,1.0,NC-0003,Non-Clinical > Corporate Services > Courier and Postal Services > Courier Services > Courier Services,YES
sydney_adventist,161,Non-Clinical > Logistics > Transport > Freight > Freight,Non-Clinical > Logistics > Transport > Freight,33191,exact,1.0,NC-0288,Non-Clinical > Logistics > Transport > Freight > Freight,
sydney_adventist,163,Non-Clinical > Fleet and Vehicles > Corporate Fleet Vehicles > Emergency Vehicles > Emergency Vehicles,Non-Clinical > Fleet and Vehicles > Corporate Fleet Vehicles > Emergency Vehicles,66,parent_match,0.75,NC-0096,Non-Clinical > Fleet and Vehicles > Fleet Management > Emergency Vehicles > Emergency Vehicles,
sydney_adventist,164,Non-Clinical > Fleet and Vehicles > Corporate Fleet Vehicles > General Vehicles > General Vehicles,Non-Clinical > Fleet and Vehicles > Corporate Fleet Vehicles > General Vehicles,0,exact,1.0,NC-0097,Non-Clinical > Fleet and Vehicles > Fleet Management > General Vehicles > General Vehicles,
sydney_adventist,165,Non-Clinical > Fleet and Vehicles > Corporate Fleet Vehicles > Heavy Vehicles > Heavy Vehicles,Non-Clinical > Fleet and Vehicles > Corporate Fleet Vehicles > Heavy Vehicles,0,exact,1.0,NC-0098,Non-Clinical > Fleet and Vehicles > Fleet Management > Heavy Vehicles > Heavy Vehicles,
sydney_adventist,166,Non-Clinical > Fleet and Vehicles > Corporate Fleet Vehicles > Specialized Vehicles > Specialized Vehicles,Non-Clinical > Fleet and Vehicles > Corporate Fleet Vehicles > Specialized Vehicles,0,exact,1.0,NC-0099,Non-Clinical > Fleet and Vehicles > Fleet Management > Specialised Vehicles > Specialised Vehicles,
sydney_adventist,169,Non-Clinical > Fleet and Vehicles > Fuels & Oil > Petrol and Diesel > Petrol and Diesel,Non-Clinical > Fleet and Vehicles > Fuels & Oil > Petrol and Diesel,0,exact,1.0,NC-0102,Non-Clinical > Fleet and Vehicles > Fleet Operating Costs > Petrol and Diesel > Petrol and Diesel,
sydney_adventist,17,"Non-Clinical > Facilities Management > Soft Facilities Management > Furniture, fittings and equipment > Furniture, fittings and equipment","Non-Clinical > Facilities Management > Soft Facilities Management > Furniture, fittings and equipment",231,exact,1.0,NC-0082,"Non-Clinical > Facilities Management > Soft Facilities Management > Furniture, fittings and equipment > Furniture, fittings and equipment",
sydney_adventist,170,Non-Clinical > Fleet and Vehicles > Parking & Tolls > Parking & Tolls > Parking & Tolls,Non-Clinical > Fleet and Vehicles > Parking & Tolls,48,ruled_mapped,1.0,NC-0101,Non-Clinical > Fleet and Vehicles > Fleet Operating Costs > Parking & Tolls > Parking & Tolls,YES
sydney_adventist,171,Non-Clinical > Fleet and Vehicles > Vehicle Insurance > Vehicle Insurance > Vehicle Insurance,Non-Clinical > Fleet and Vehicles > Vehicle Insurance,0,ruled_mapped,1.0,NC-0103,Non-Clinical > Fleet and Vehicles > Fleet Operating Costs > Vehicle Insurance > Vehicle Insurance,YES
sydney_adventist,172,Non-Clinical > Fleet and Vehicles > Vehicle Leasing > Vehicle Leasing > Vehicle Leasing,Non-Clinical > Fleet and Vehicles > Vehicle Leasing,0,ruled_mapped,1.0,NC-0100,Non-Clinical > Fleet and Vehicles > Fleet Management > Vehicle Leasing > Vehicle Leasing,YES
sydney_adventist,173,Non-Clinical > Fleet and Vehicles > Vehicle Registration > Vehicle Registration > Vehicle Registration,Non-Clinical > Fleet and Vehicles > Vehicle Registration,0,ruled_mapped,1.0,NC-0104,Non-Clinical > Fleet and Vehicles > Fleet Operating Costs > Vehicle Registration > Vehicle Registration,YES
sydney_adventist,174,Non-Clinical > Fleet and Vehicles > Vehicle Repair and Maintenance > Towing and Miscellaneous vehicle components > Towing and Miscellaneous vehicle components,Non-Clinical > Fleet and Vehicles > Vehicle Repair and Maintenance > Towing and Miscellaneous vehicle components,0,ruled_mapped,1.0,NC-0105,Non-Clinical > Fleet and Vehicles > Fleet Operating Costs > Vehicle Repair and Maintenance > Towing and Miscellaneous vehicle components,YES
sydney_adventist,175,Non-Clinical > Fleet and Vehicles > Vehicle Repair and Maintenance > Vehicle Repairs and Maintenance > Vehicle Repairs and Maintenance,Non-Clinical > Fleet and Vehicles > Vehicle Repair and Maintenance > Vehicle Repairs and Maintenance,32,ruled_mapped,1.0,NC-0106,Non-Clinical > Fleet and Vehicles > Fleet Operating Costs > Vehicle Repair and Maintenance > Vehicle Repair and Maintenance - Other,YES
sydney_adventist,176,Non-Clinical > Property > Property Management > Venue Hire > Venue Hire,Non-Clinical > Property > Property Management > Venue Hire,3,ruled_mapped,1.0,NP-0012,Non-Procurement > Property Management > Venue Hire > Venue Hire > Venue Hire,YES
sydney_adventist,177,Non-Clinical > Property > Property Management > Property Leases > Property Leases,Non-Clinical > Property > Property Management > Property Leases,315,ruled_mapped,1.0,NP-0010,Non-Procurement > Property Management > Property Leases > Property Leases > Property Leases,YES
sydney_adventist,178,Non-Clinical > Recruitment and Agency > Employee Benefits > Employee Benefits > Employee Benefits,Non-Clinical > Recruitment and Agency > Employee Benefits,0,ruled_mapped,1.0,NC-0020,Non-Clinical > Corporate Services > HR Services > Employee Benefits > Employee Benefits,YES
sydney_adventist,179,Non-Clinical > Recruitment and Agency > Recruitment & Temp Staff > Agency Fees > Agency Fees,Non-Clinical > Recruitment and Agency > Recruitment & Temp Staff > Agency Fees,2318,ruled_mapped,1.0,NC-0024,Non-Clinical > Corporate Services > HR Services > Recruitment & Temp Staff > Agency Fees,YES
sydney_adventist,180,Non-Clinical > Recruitment and Agency > Recruitment & Temp Staff > Advertising > Advertising,Non-Clinical > Recruitment and Agency > Recruitment & Temp Staff > Advertising,19,ruled_mapped,1.0,NC-0023,Non-Clinical > Corporate Services > HR Services > Recruitment & Temp Staff > Advertising,YES
sydney_adventist,181,Non-Clinical > Recruitment and Agency > Recruitment & Temp Staff > Other Contingent Staff > Other Contingent Staff,Non-Clinical > Recruitment and Agency > Recruitment & Temp Staff > Other Contingent Staff,0,ruled_mapped,1.0,NC-0029,Non-Clinical > Corporate Services > HR Services > Recruitment & Temp Staff > Other Contingent Staff,YES
sydney_adventist,187,Non-Clinical > Recruitment and Agency > Recruitment & Temp Staff > Contract Labour > Contract Labour,Non-Clinical > Recruitment and Agency > Recruitment & Temp Staff > Contract Labour,0,ruled_mapped,1.0,NC-0025,Non-Clinical > Corporate Services > HR Services > Recruitment & Temp Staff > Contract Labour,YES
sydney_adventist,19,Non-Clinical > Facilities Management > Soft Facilities Management > Stationery & Printing > Stationery & Printing,Non-Clinical > Facilities Management > Soft Facilities Management > Stationery & Printing,2419,ruled_mapped,1.0,NC-0349,Non-Clinical > Corporate Services > General Admin Supplies > Stationery & Printing > Stationery & Printing,YES
sydney_adventist,192,Non-Clinical > HR Services > Staff Training and Development > Staff Training and Development > Staff Training and Development,Non-Clinical > HR Services > Staff Training and Development,61,ruled_mapped,1.0,NC-0031,Non-Clinical > Corporate Services > HR Services > Staff Training and Development > Staff Training and Development,YES
sydney_adventist,199,Non-Clinical > Marketing and Advertising > Advertising Services > Magazine Newspaper > Magazine Newspaper,Non-Clinical > Marketing and Advertising > Advertising Services > Magazine Newspaper,72,exact,1.0,NC-0298,Non-Clinical > Marketing and Advertising > Advertising Services > Magazine Newspaper > Magazine Newspaper,
sydney_adventist,2,Non-Clinical > Facilities Management > Hard Facilities Management > Building Repairs and Maintenance > Electrical Installation and Maintenance,Non-Clinical > Facilities Management > Hard Facilities Management > Building Repairs and Maintenance > Electrical Installation and Maintenance,0,exact,1.0,NC-0042,Non-Clinical > Facilities Management > Hard Facilities Management > Building Repairs and Maintenance > Electrical Installation and Maintenance,
sydney_adventist,20,Non-Clinical > Facilities Management > Soft Facilities Management > Stationery & Printing > Stationery & Printing,Non-Clinical > Facilities Management > Soft Facilities Management > Stationery & Printing,0,ruled_mapped,1.0,NC-0349,Non-Clinical > Corporate Services > General Admin Supplies > Stationery & Printing > Stationery & Printing,YES
sydney_adventist,200,Non-Clinical > Marketing and Advertising > Advertising Services > Media - Banners > Media - Banners,Non-Clinical > Marketing and Advertising > Advertising Services > Media - Banners,0,exact,1.0,NC-0299,Non-Clinical > Marketing and Advertising > Advertising Services > Media - Banners > Media - Banners,
sydney_adventist,202,Non-Clinical > Marketing and Advertising > Advertising Services > Media - Signage > Media - Signage,Non-Clinical > Marketing and Advertising > Advertising Services > Media - Signage,0,exact,1.0,NC-0300,Non-Clinical > Marketing and Advertising > Advertising Services > Media - Signage > Media - Signage,
sydney_adventist,203,Non-Clinical > Marketing and Advertising > Advertising Services > Radio TV Cable & Internet > Radio TV Cable & Internet,Non-Clinical > Marketing and Advertising > Advertising Services > Radio TV Cable & Internet,42,exact,1.0,NC-0301,Non-Clinical > Marketing and Advertising > Advertising Services > Radio TV Cable & Internet > Radio TV Cable & Internet,
sydney_adventist,206,Non-Clinical > Marketing and Advertising > Marketing > Subscriptions and Publications > Subscriptions and Publications,Non-Clinical > Marketing and Advertising > Marketing > Subscriptions and Publications,0,exact,1.0,NC-0309,Non-Clinical > Marketing and Advertising > Marketing > Subscriptions and Publications > Subscriptions and Publications,
sydney_adventist,208,Non-Clinical > Marketing and Advertising > Marketing > Events Celebrity Sponsorships > Events Celebrity Sponsorships,Non-Clinical > Marketing and Advertising > Marketing > Events Celebrity Sponsorships,0,exact,1.0,NC-0303,Non-Clinical > Marketing and Advertising > Marketing > Events Celebrity Sponsorships > Events Celebrity Sponsorships,
sydney_adventist,209,Non-Clinical > Marketing and Advertising > Marketing > Lobbying & Public Relations > Lobbying & Public Relations,Non-Clinical > Marketing and Advertising > Marketing > Lobbying & Public Relations,0,exact,1.0,NC-0304,Non-Clinical > Marketing and Advertising > Marketing > Lobbying & Public Relations > Lobbying & Public Relations,
sydney_adventist,212,Non-Clinical > Marketing and Advertising > Marketing > Meetings and Events > Meetings and Events,Non-Clinical > Marketing and Advertising > Marketing > Meetings and Events,143,exact,1.0,NC-0307,Non-Clinical > Marketing and Advertising > Marketing > Meetings and Events > Meetings and Events,
sydney_adventist,213,Non-Clinical > Marketing and Advertising > Marketing > Marketing Agencies > Marketing Agencies,Non-Clinical > Marketing and Advertising > Marketing > Marketing Agencies,672,exact,1.0,NC-0306,Non-Clinical > Marketing and Advertising > Marketing > Marketing Agencies > Marketing Agencies,
sydney_adventist,214,Non-Clinical > Marketing and Advertising > Marketing > Promotional Gifts > Promotional Gifts,Non-Clinical > Marketing and Advertising > Marketing > Promotional Gifts,0,exact,1.0,NC-0308,Non-Clinical > Marketing and Advertising > Marketing > Promotional Gifts > Promotional Gifts,
sydney_adventist,22,Non-Clinical > Facilities Management > Soft Facilities Management > General Supplies > General Supplies,Non-Clinical > Facilities Management > Soft Facilities Management > General Supplies,539,dropped_by_ruling,1.0,,,YES
sydney_adventist,222,Non-Clinical > Marketing and Advertising > Printing & Direct Mail > Promotional Print > Promotional Print,Non-Clinical > Marketing and Advertising > Printing & Direct Mail > Promotional Print,39,exact,1.0,NC-0312,Non-Clinical > Marketing and Advertising > Printing & Direct Mail > Promotional Print > Promotional Print,
sydney_adventist,223,Non-Clinical > Marketing and Advertising > Printing & Direct Mail > Commercial Print > Commercial Print,Non-Clinical > Marketing and Advertising > Printing & Direct Mail > Commercial Print,706,exact,1.0,NC-0310,Non-Clinical > Marketing and Advertising > Printing & Direct Mail > Commercial Print > Commercial Print,
sydney_adventist,224,Non-Clinical > Marketing and Advertising > Printing & Direct Mail > Direct Mail > Direct Mail,Non-Clinical > Marketing and Advertising > Printing & Direct Mail > Direct Mail,0,exact,1.0,NC-0311,Non-Clinical > Marketing and Advertising > Printing & Direct Mail > Direct Mail > Direct Mail,
sydney_adventist,225,Non-Clinical > Equipment Hire > Heavy Machinery > Heavy Machinery > Heavy Machinery,Non-Clinical > Equipment Hire > Heavy Machinery,0,ruled_mapped,1.0,NC-0048,Non-Clinical > Facilities Management > Hard Facilities Management > Equipment Hire > Heavy Machinery,YES
sydney_adventist,226,Non-Clinical > Equipment Hire > Light Machinery > Light Machinery > Light Machinery,Non-Clinical > Equipment Hire > Light Machinery,0,ruled_mapped,1.0,NC-0049,Non-Clinical > Facilities Management > Hard Facilities Management > Equipment Hire > Light Machinery,YES
sydney_adventist,227,Non-Clinical > Equipment Hire > Portable Buildings > Portable Buildings > Portable Buildings,Non-Clinical > Equipment Hire > Portable Buildings,0,ruled_mapped,1.0,NC-0050,Non-Clinical > Facilities Management > Hard Facilities Management > Equipment Hire > Portable Buildings,YES
sydney_adventist,23,Non-Clinical > Facilities Management > Soft Facilities Management > Bed & bathing > Bed & bathing,Non-Clinical > Facilities Management > Soft Facilities Management > Bed & bathing,0,ruled_mapped,1.0,NC-0074,Non-Clinical > Facilities Management > Soft Facilities Management > Consumables & Disposables > Bed Protection Paper,YES
sydney_adventist,232,Non-Procurement > Supply Costs & Recoveries > Price Variances > Price Variances > Price Variances,Non-Procurement > Supply Costs & Recoveries > Price Variances,0,ruled_mapped,1.0,NC-0016,Non-Clinical > Corporate Services > Financial Services > Price Variances > Price Variances,YES
sydney_adventist,233,Non-Procurement > Supply Costs & Recoveries > Loans > Loans > Loans,Non-Procurement > Supply Costs & Recoveries > Loans,0,ruled_mapped,1.0,NC-0013,Non-Clinical > Corporate Services > Financial Services > Loans > Loans,YES
sydney_adventist,234,Non-Procurement > Insurances > Workers Compensations > Workers Compensations > Workers Compensations,Non-Procurement > Insurances > Workers Compensations,0,ruled_mapped,1.0,NC-0018,Non-Clinical > Corporate Services > Financial Services > Workers Compensation Insurance > Workers Compensation Insurance,YES
sydney_adventist,235,Non-Procurement > Insurances > Medical Liability > Medical Liability > Medical Liability,Non-Procurement > Insurances > Medical Liability,284,ruled_mapped,1.0,NC-0014,Non-Clinical > Corporate Services > Financial Services > Medical Liability > Medical Liability,YES
sydney_adventist,236,Non-Procurement > Insurances > Other Insurances > Other Insurances > Other Insurances,Non-Procurement > Insurances > Other Insurances,0,ruled_mapped,1.0,NC-0015,Non-Clinical > Corporate Services > Financial Services > Other Insurances > Other Insurances,YES
sydney_adventist,237,Non-Procurement > Re-imbursements > Information Systems > Information Systems > Information Systems,Non-Procurement > Reimbursements > Information Systems,0,ruled_kept,1.0,NP-0015,Non-Procurement > Reimbursements > Information Systems > Information Systems > Information Systems,
sydney_adventist,238,Non-Procurement > Re-imbursements > HR / Finance > HR / Finance > HR / Finance,Non-Procurement > Reimbursements > HR / Finance,60,ruled_kept,1.0,NP-0014,Non-Procurement > Reimbursements > HR / Finance > HR / Finance > HR / Finance,
sydney_adventist,239,Non-Procurement > Re-imbursements > Others > Others > Others,Non-Procurement > Reimbursements > Other,62,ruled_mapped,1.0,NP-0017,Non-Procurement > Reimbursements > Reimbursements - Other > Reimbursements - Other > Reimbursements - Other,YES
sydney_adventist,24,Non-Clinical > Facilities Management > Soft Facilities Management > Chemical Sterilisation Services > Chemical Sterilisation Services,Non-Clinical > Facilities Management > Soft Facilities Management > Chemical Sterilisation Services,0,exact,1.0,NC-0068,Non-Clinical > Facilities Management > Soft Facilities Management > Chemical Sterilisation Services > Chemical Sterilisation Services,
sydney_adventist,240,Non-Procurement > Depreciation & Amortisation > Depreciation > Depreciation > Depreciation,Non-Procurement > Depreciation & Amortisation > Depreciation,0,ruled_kept,1.0,NP-0003,Non-Procurement > Depreciation & Amortisation > Depreciation > Depreciation > Depreciation,
sydney_adventist,241,Non-Procurement > Depreciation & Amortisation > Amortisation > Amortisation > Amortisation,Non-Procurement > Depreciation & Amortisation > Amortisation,0,ruled_kept,1.0,NP-0002,Non-Procurement > Depreciation & Amortisation > Amortisation > Amortisation > Amortisation,
sydney_adventist,242,"Non-Procurement > Rates, Taxes and Adjustments > Rates, Taxes and Adjustments > Rates, Taxes and Adjustments > Rates, Taxes and Adjustments","Non-Procurement > Rates, Taxes and Adjustments",15,ruled_mapped,1.0,NC-0017,"Non-Clinical > Corporate Services > Financial Services > Rates, Taxes and Adjustments > Rates, Taxes and Adjustments",YES
sydney_adventist,243,Non-Procurement > Government Fees > Government Fees > Government Fees > Government Fees,Non-Procurement > Government Fees,0,ruled_kept,1.0,NP-0005,Non-Procurement > Government Fees > Government Fees > Government Fees > Government Fees,
sydney_adventist,244,Non-Procurement > Property Management > Levies and Outgoings > Levies and Outgoings > Levies and Outgoings,Non-Procurement > Property Management > Levies and Outgoings,0,ruled_kept,1.0,NP-0009,Non-Procurement > Property Management > Levies and Outgoings > Levies and Outgoings > Levies and Outgoings,
sydney_adventist,245,Non-Procurement > Gifts and Donation > Gifts and Donation > Gifts and Donation > Gifts and Donation,Non-Procurement > Gifts and Donation,881,ruled_mapped,1.0,NC-0021,Non-Clinical > Corporate Services > HR Services > Gifts and Donations > Gifts and Donations,YES
sydney_adventist,246,Non-Procurement > Gifts and Donation > Gifts and Donation > Gifts and Donation > Gifts and Donation,Non-Procurement > Gifts and Donation,0,ruled_mapped,1.0,NC-0021,Non-Clinical > Corporate Services > HR Services > Gifts and Donations > Gifts and Donations,YES
sydney_adventist,247,Non-Procurement > Commission / Rebate > Commission / Rebate > Commission / Rebate > Commission / Rebate,Non-Procurement > Commission / Rebate,0,ruled_kept,1.0,NP-0001,Non-Procurement > Commission / Rebate > Commission / Rebate > Commission / Rebate > Commission / Rebate,
sydney_adventist,248,Non-Procurement > Credit Card Expenses > Credit Card Expenses > Credit Card Expenses > Credit Card Expenses,Non-Procurement > Credit Card Expenses,0,ruled_mapped,1.0,NC-0005,Non-Clinical > Corporate Services > Credit Card Expenses > Credit Card Expenses > Credit Card Expenses,YES
sydney_adventist,25,Non-Clinical > Facilities Management > Soft Facilities Management > Cleaning Services > Cleaning Services,Non-Clinical > Facilities Management > Soft Facilities Management > Cleaning Services,1233,exact,1.0,NC-0073,Non-Clinical > Facilities Management > Soft Facilities Management > Cleaning Services > Cleaning Services,
sydney_adventist,2583,Non-Clinical > Facilities Management > Hard Facilities Management > Building Repairs and Maintenance > Auto Doors,Non-Clinical > Facilities Management > Hard Facilities Management > Building Repairs and Maintenance > Auto Doors,47,exact,1.0,NC-0039,Non-Clinical > Facilities Management > Hard Facilities Management > Building Repairs and Maintenance > Auto Doors,
sydney_adventist,2584,Non-Clinical > Facilities Management > Hard Facilities Management > Fires Safety and Security > Emergency Lighting Installation and Maintenance,Non-Clinical > Facilities Management > Hard Facilities Management > Fires Safety and Security > Emergency Lighting Installation and Maintenance,0,exact,1.0,NC-0053,Non-Clinical > Facilities Management > Hard Facilities Management > Fire Safety and Security > Emergency Lighting Installation and Maintenance,
sydney_adventist,2585,Non-Clinical > Facilities Management > Soft Facilities Management > Service Industry Equipment Supplies > Food services equipment,Non-Clinical > Facilities Management > Soft Facilities Management > Service Industry Equipment Supplies > Food services equipment,0,exact,1.0,NC-0091,Non-Clinical > Facilities Management > Soft Facilities Management > Service Industry Equipment Supplies > Food services equipment,
sydney_adventist,2586,Non-Clinical > Facilities Management > Soft Facilities Management > Equipment Maintenance & Testing > Industrial Laundry and Dry Cleaning Equipment Maintenance,Non-Clinical > Facilities Management > Soft Facilities Management > Equipment Maintenance & Testing > Industrial Laundry and Dry Cleaning Equipment Maintenance,0,exact,1.0,NC-0079,Non-Clinical > Facilities Management > Soft Facilities Management > Equipment Maintenance & Testing > Industrial Laundry and Dry Cleaning Equipment Maintenance,
sydney_adventist,2587,Non-Clinical > Facilities Management > Soft Facilities Management > Equipment Maintenance & Testing > Mandatory Safety Testing,Non-Clinical > Facilities Management > Soft Facilities Management > Equipment Maintenance & Testing > Mandatory Safety Testing,0,exact,1.0,NC-0080,Non-Clinical > Facilities Management > Soft Facilities Management > Equipment Maintenance & Testing > Mandatory Safety Testing,
sydney_adventist,2588,Non-Clinical > Facilities Management > Soft Facilities Management > Linen Supply > Linen Supply,Non-Clinical > Facilities Management > Soft Facilities Management > Linen Supply,0,exact,1.0,NC-0085,Non-Clinical > Facilities Management > Soft Facilities Management > Linen Supply > Linen Supply,
sydney_adventist,2589,Non-Clinical > ICT > Hardware > Nurse Call Systems > Nurse Call Systems,Non-Clinical > ICT > Hardware > Nurse Call Systems,0,ruled_mapped,1.0,NC-0267,Non-Clinical > ICT > ICT Hardware > ICT Hardware - Other > ICT Hardware - Other,YES
sydney_adventist,2590,Non-Clinical > Resident and Client Services > Direct Care Services > Nursing and Allied Health > Nursing and Allied Health,Non-Clinical > Resident and Client Services > Direct Care Services > Nursing and Allied Health,158,ruled_mapped,1.0,NP-0008,Non-Procurement > Medical Services Rendered > Nursing and Allied Health > Nursing and Allied Health > Nursing and Allied Health,YES
sydney_adventist,26,Non-Clinical > Facilities Management > Soft Facilities Management > Laundry Services > Laundry Services,Non-Clinical > Facilities Management > Soft Facilities Management > Laundry Services,12283,exact,1.0,NC-0084,Non-Clinical > Facilities Management > Soft Facilities Management > Laundry Services > Laundry Services,
sydney_adventist,265,Non-Clinical > Safety Equipment and PPE > NonPPE Safety Goods and Equipment > NonPPE Safety Goods and Equipment > NonPPE Safety Goods and Equipment,Non-Clinical > Safety Equipment and PPE > NonPPE Safety Goods and Equipment,28,ruled_kept,1.0,NC-0332,Non-Clinical > Safety Equipment and PPE > NonPPE Safety Goods and Equipment > NonPPE Safety Goods and Equipment > NonPPE Safety Goods and Equipment,
sydney_adventist,266,Non-Clinical > Safety Equipment and PPE > Other > Other PPE > Other PPE,Non-Clinical > Safety Equipment and PPE > Other > Other PPE,0,ruled_mapped,1.0,NC-0332,Non-Clinical > Safety Equipment and PPE > NonPPE Safety Goods and Equipment > NonPPE Safety Goods and Equipment > NonPPE Safety Goods and Equipment,YES
sydney_adventist,27,Non-Clinical > Facilities Management > Soft Facilities Management > Other Support Services > Other Support Services,Non-Clinical > Facilities Management > Soft Facilities Management > Other Support Services,0,exact,1.0,NC-0086,Non-Clinical > Facilities Management > Soft Facilities Management > Other Support Services > Other Support Services,
sydney_adventist,27112903,Non-Clinical > Facilities Management > Soft Facilities Management > Cleaning Equipment & Supplies > Hand Cleaner,Non-Clinical > Facilities Management > Soft Facilities Management > Cleaning Equipment & Supplies > Hand Cleaner,0,exact,1.0,NC-0071,Non-Clinical > Facilities Management > Soft Facilities Management > Cleaning Equipment & Supplies > Sanitisers,
sydney_adventist,28,Non-Clinical > Facilities Management > Soft Facilities Management > Painting & Decorating Services > Painting & Decorating Services,Non-Clinical > Facilities Management > Soft Facilities Management > Painting & Decorating Services,0,ruled_mapped,1.0,NC-0046,Non-Clinical > Facilities Management > Hard Facilities Management > Building Repairs and Maintenance > Painting & Decorating Services,YES
sydney_adventist,29,Non-Clinical > Facilities Management > Soft Facilities Management > Artwork > Artwork,Non-Clinical > Facilities Management > Soft Facilities Management > Artwork,153,ruled_mapped,1.0,NC-0300,Non-Clinical > Marketing and Advertising > Advertising Services > Media - Signage > Media - Signage,YES
sydney_adventist,2969,Non-Procurement > Superannuation > Superannuation > Superannuation > Superannuation,Non-Procurement > Superannuation,0,ruled_mapped,1.0,NC-0032,Non-Clinical > Corporate Services > HR Services > Superannuation > Superannuation,YES
sydney_adventist,2970,Non-Procurement > Disbursement > Disbursement > Disbursement > Disbursement,Non-Procurement > Disbursement,1,ruled_kept,1.0,NP-0004,Non-Procurement > Disbursement > Disbursement > Disbursement > Disbursement,
sydney_adventist,2971,Non-Procurement > Medical Services Rendered > Medical Services Rendered > Medical Services Rendered > Medical Services Rendered,Non-Procurement > Medical Services Rendered,35,ruled_mapped,1.0,NP-0007,Non-Procurement > Medical Services Rendered > Medical Services Rendered - Other > Medical Services Rendered - Other > Medical Services Rendered - Other,YES
sydney_adventist,2972,Non-Clinical > Facilities Management > Soft Facilities Management > Traffic Management > Traffic Management,Non-Clinical > Facilities Management > Soft Facilities Management > Traffic Management,0,exact,1.0,NC-0095,Non-Clinical > Facilities Management > Soft Facilities Management > Traffic Management > Traffic Management,
sydney_adventist,2973,Non-Clinical > Logistics > Transport > Courier - Specimens > Courier - Specimens,Non-Clinical > Logistics > Transport > Courier - Specimens,0,ruled_mapped,1.0,NC-0002,Non-Clinical > Corporate Services > Courier and Postal Services > Courier - Specimens > Courier - Specimens,YES
sydney_adventist,2974,Non-Clinical > Facilities Management > Soft Facilities Management > Contracted FM Services > Contracted FM Services,Non-Clinical > Facilities Management > Soft Facilities Management > Contracted FM Services,0,exact,1.0,NC-0077,Non-Clinical > Facilities Management > Soft Facilities Management > Contracted FM Services > Contracted FM Services,
sydney_adventist,2977,Non-Clinical > Facilities Management > Soft Facilities Management > Adminsitration > Receiption Services,Non-Clinical > Facilities Management > Soft Facilities Management > Adminsitration > Receiption Services,0,exact,1.0,NC-0062,Non-Clinical > Facilities Management > Soft Facilities Management > Administration > Reception Services,
sydney_adventist,2978,"Non-Clinical > ICT > Hardware > IT Network Hardware > Pheripherals, cables, joiners, splitters, etc","Non-Clinical > ICT > Hardware > IT Network Hardware > Pheripherals, cables, joiners, splitters, etc",0,ruled_mapped,1.0,NC-0269,Non-Clinical > ICT > ICT Hardware > Network Infrastructure > Network Infrastructure,YES
sydney_adventist,2979,Non-Clinical > ICT > Software > Applications Software - Non Clinical > Applications Software - Server,Non-Clinical > ICT > Software > Applications Software - Non Clinical > Applications Software - Server,3,ruled_mapped,1.0,NC-0279,Non-Clinical > ICT > ICT Software > ICT Software - Other > ICT Software - Other,YES
sydney_adventist,2980,Non-Clinical > ICT > Software > Applications Software - Non Clinical > Applications Software - Network,Non-Clinical > ICT > Software > Applications Software - Non Clinical > Applications Software - Network,0,ruled_mapped,1.0,NC-0279,Non-Clinical > ICT > ICT Software > ICT Software - Other > ICT Software - Other,YES
sydney_adventist,2981,Non-Clinical > ICT > Software > Applications Software - Non Clinical > Applications Software - Communications,Non-Clinical > ICT > Software > Applications Software - Non Clinical > Applications Software - Communications,0,ruled_mapped,1.0,NC-0279,Non-Clinical > ICT > ICT Software > ICT Software - Other > ICT Software - Other,YES
sydney_adventist,2982,Non-Clinical > ICT > Software > Applications Software - Non Clinical > Applications Software - Storage &Data Centre,Non-Clinical > ICT > Software > Applications Software - Non Clinical > Applications Software - Storage &Data Centre,0,ruled_mapped,1.0,NC-0267,Non-Clinical > ICT > ICT Hardware > ICT Hardware - Other > ICT Hardware - Other,YES
sydney_adventist,2983,Non-Clinical > ICT > Platform > Cloud > Whole of business -SaaS,Non-Clinical > ICT > Platform > Cloud > Whole of business -SaaS,3,ruled_mapped,1.0,NC-0276,Non-Clinical > ICT > ICT Software > Cloud Services (IaaS/PaaS/SaaS) > Cloud Services (IaaS/PaaS/SaaS),YES
sydney_adventist,2984,Non-Clinical > ICT > Platform > Data Centre > Whole of business - on premise,Non-Clinical > ICT > Platform > Data Centre > Whole of business - on premise,0,ruled_mapped,1.0,NC-0267,Non-Clinical > ICT > ICT Hardware > ICT Hardware - Other > ICT Hardware - Other,YES
sydney_adventist,2985,Non-Clinical > ICT > Software Maintenance & Support > Applications Software - Non Clinical > Applications Software - Server,Non-Clinical > ICT > Software Maintenance & Support > Applications Software - Non Clinical > Applications Software - Server,0,ruled_mapped,1.0,NC-0279,Non-Clinical > ICT > ICT Software > ICT Software - Other > ICT Software - Other,YES
sydney_adventist,2986,Non-Clinical > ICT > Software Maintenance & Support > Applications Software - Non Clinical > Applications Software - Communications,Non-Clinical > ICT > Software Maintenance & Support > Applications Software - Non Clinical > Applications Software - Communications,0,ruled_mapped,1.0,NC-0279,Non-Clinical > ICT > ICT Software > ICT Software - Other > ICT Software - Other,YES
sydney_adventist,2987,Non-Clinical > ICT > Software Maintenance & Support > Applications Software - Non Clinical > Applications Software - Storage &Data Centre,Non-Clinical > ICT > Software Maintenance & Support > Applications Software - Non Clinical > Applications Software - Storage &Data Centre,0,ruled_mapped,1.0,NC-0279,Non-Clinical > ICT > ICT Software > ICT Software - Other > ICT Software - Other,YES
sydney_adventist,2988,Non-Clinical > ICT > Software Maintenance & Support > Applications Software - Non Clinical > Applications Software - Network,Non-Clinical > ICT > Software Maintenance & Support > Applications Software - Non Clinical > Applications Software - Network,0,ruled_mapped,1.0,NC-0279,Non-Clinical > ICT > ICT Software > ICT Software - Other > ICT Software - Other,YES
sydney_adventist,2989,Non-Clinical > ICT > Telecommunications > Fixed Line voice / Call centre > Fixed Line voice / Call centre,Non-Clinical > ICT > Telecommunications > Fixed Line voice / Call centre,0,ruled_mapped,1.0,NC-0283,Non-Clinical > ICT > Telecommunications > Fixed Line & VoIP Services > Fixed Line & VoIP Services,YES
sydney_adventist,2990,Non-Clinical > ICT > Telecommunications > Managed Services > Vendor Managed services,Non-Clinical > ICT > Telecommunications > Managed Services > Vendor Managed services,0,ruled_mapped,1.0,NC-0285,Non-Clinical > ICT > Telecommunications > Mobile Network Services > Mobile Network Services,YES
sydney_adventist,2991,Non-Clinical > Recruitment and Agency > Recruitment & Temp Staff > ICT Contingent Staff > ICT Contingent Staff,Non-Clinical > Recruitment and Agency > Recruitment & Temp Staff > ICT Contingent Staff,0,ruled_mapped,1.0,NC-0027,Non-Clinical > Corporate Services > HR Services > Recruitment & Temp Staff > ICT Contingent Staff,YES
sydney_adventist,2993,Non-Clinical > Corporate Services > Outsourced Admin Service > Invoice Processing > Invoice Processing,Non-Clinical > Corporate Services > Outsourced Admin Service > Invoice Processing,0,exact,1.0,NC-0033,Non-Clinical > Corporate Services > Outsourced Admin Service > Invoice Processing > Invoice Processing,
sydney_adventist,2994,Non-Clinical > Professional Services > Advisory Services > Procurement Consulting > Procurement Consulting,Non-Clinical > Professional Services > Advisory Services > Procurement Consulting,0,exact,1.0,NC-0320,Non-Clinical > Professional Services > Advisory Services > Procurement Consulting > Procurement Consulting,
sydney_adventist,2999,Non-Clinical > Logistics > Transport > Courier > Courier Fees,Non-Clinical > Logistics > Transport > Courier > Courier Fees,0,ruled_mapped,1.0,NC-0003,Non-Clinical > Corporate Services > Courier and Postal Services > Courier Services > Courier Services,YES
sydney_adventist,3,Non-Clinical > Facilities Management > Soft Facilities Management > Catering Services > Catering Services,Non-Clinical > Facilities Management > Soft Facilities Management > Catering Services,1,ruled_mapped,1.0,NC-0066,Non-Clinical > Facilities Management > Soft Facilities Management > Catering Services > Catering Services - Other,YES
sydney_adventist,30,Non-Clinical > Facilities Management > Soft Facilities Management > Pest Control Services > Pest Control Services,Non-Clinical > Facilities Management > Soft Facilities Management > Pest Control Services,45,exact,1.0,NC-0088,Non-Clinical > Facilities Management > Soft Facilities Management > Pest Control Services > Pest Control Services,
sydney_adventist,32,Non-Clinical > Facilities Management > Soft Facilities Management > Security Services > Security Services,Non-Clinical > Facilities Management > Soft Facilities Management > Security Services,0,exact,1.0,NC-0090,Non-Clinical > Facilities Management > Soft Facilities Management > Security Services > Security Services,
sydney_adventist,33,Non-Clinical > Facilities Management > Soft Facilities Management > Waste Management / Disposal Services > Waste Management / Disposal Services,Non-Clinical > Facilities Management > Soft Facilities Management > Waste Management / Disposal Services,1981,ruled_mapped,1.0,NC-0061,Non-Clinical > Facilities Management > Hard Facilities Management > Waste Management > Waste Management and Disposal,YES
sydney_adventist,34,Non-Clinical > Facilities Management > Soft Facilities Management > Utilities > Electricity,Non-Clinical > Facilities Management > Soft Facilities Management > Utilities > Electricity,815,ruled_mapped,1.0,NC-0057,Non-Clinical > Facilities Management > Hard Facilities Management > Utilities > Electricity,YES
sydney_adventist,35,Non-Clinical > Facilities Management > Soft Facilities Management > Utilities > Gas,Non-Clinical > Facilities Management > Soft Facilities Management > Utilities > Gas,0,ruled_mapped,1.0,NC-0058,Non-Clinical > Facilities Management > Hard Facilities Management > Utilities > Gas,YES
sydney_adventist,36,Non-Clinical > Facilities Management > Soft Facilities Management > Utilities > Water and Sewerage,Non-Clinical > Facilities Management > Soft Facilities Management > Utilities > Water and Sewerage,111,ruled_mapped,1.0,NC-0059,Non-Clinical > Facilities Management > Hard Facilities Management > Utilities > Water and Sewerage,YES
sydney_adventist,37,"Non-Clinical > Facilities Management > Soft Facilities Management > Apparel, Uniforms & Clothing > Other Clothing","Non-Clinical > Facilities Management > Soft Facilities Management > Apparel, Uniforms & Clothing > Other Clothing",5554,exact,1.0,NC-0064,"Non-Clinical > Facilities Management > Soft Facilities Management > Apparel, Uniforms & Clothing > Other Clothing",
sydney_adventist,373,Non-Clinical > Facilities Management > Soft Facilities Management > Food and Beverage > Food,Non-Clinical > Facilities Management > Soft Facilities Management > Food and Beverage > Food,0,dropped_by_ruling,1.0,,,YES
sydney_adventist,376,Non-Clinical > Facilities Management > Soft Facilities Management > Food and Beverage > Food,Non-Clinical > Facilities Management > Soft Facilities Management > Food and Beverage > Food,1,dropped_by_ruling,1.0,,,YES
sydney_adventist,377,Non-Clinical > Facilities Management > Soft Facilities Management > Food and Beverage > Beverages,Non-Clinical > Facilities Management > Soft Facilities Management > Food and Beverage > Beverages,0,ruled_mapped,1.0,NC-0124,Non-Clinical > Food & Beverages > Beverages > Beverages - Other > Beverages - Other,YES
sydney_adventist,38,"Non-Clinical > Facilities Management > Soft Facilities Management > Apparel, Uniforms & Clothing > Corporate uniforms","Non-Clinical > Facilities Management > Soft Facilities Management > Apparel, Uniforms & Clothing > Corporate uniforms",34,exact,1.0,NC-0063,"Non-Clinical > Facilities Management > Soft Facilities Management > Apparel, Uniforms & Clothing > Corporate uniforms",
sydney_adventist,386,Non-Clinical > Facilities Management > Soft Facilities Management > Food and Beverage > Beverages,Non-Clinical > Facilities Management > Soft Facilities Management > Food and Beverage > Beverages,0,ruled_mapped,1.0,NC-0124,Non-Clinical > Food & Beverages > Beverages > Beverages - Other > Beverages - Other,YES
sydney_adventist,387,Non-Clinical > Facilities Management > Soft Facilities Management > Food and Beverage > Food,Non-Clinical > Facilities Management > Soft Facilities Management > Food and Beverage > Food,0,dropped_by_ruling,1.0,,,YES
sydney_adventist,389,Non-Clinical > Facilities Management > Soft Facilities Management > Food and Beverage > Food,Non-Clinical > Facilities Management > Soft Facilities Management > Food and Beverage > Food,0,dropped_by_ruling,1.0,,,YES
sydney_adventist,39,Non-Clinical > Facilities Management > Soft Facilities Management > Cleaning Equipment & Supplies > Cleaning and janitorial supplies,Non-Clinical > Facilities Management > Soft Facilities Management > Cleaning Equipment & Supplies > Cleaning and janitorial supplies,806,exact,1.0,NC-0069,Non-Clinical > Facilities Management > Soft Facilities Management > Cleaning Equipment & Supplies > Cleaning and janitorial supplies,
sydney_adventist,390,Non-Clinical > Facilities Management > Soft Facilities Management > Food and Beverage > Food,Non-Clinical > Facilities Management > Soft Facilities Management > Food and Beverage > Food,0,dropped_by_ruling,1.0,,,YES
sydney_adventist,391,Non-Clinical > Facilities Management > Soft Facilities Management > Food and Beverage > Food,Non-Clinical > Facilities Management > Soft Facilities Management > Food and Beverage > Food,0,dropped_by_ruling,1.0,,,YES
sydney_adventist,392,Non-Clinical > Facilities Management > Soft Facilities Management > Food and Beverage > Food,Non-Clinical > Facilities Management > Soft Facilities Management > Food and Beverage > Food,0,dropped_by_ruling,1.0,,,YES
sydney_adventist,393,Non-Clinical > Facilities Management > Soft Facilities Management > Food and Beverage > Food,Non-Clinical > Facilities Management > Soft Facilities Management > Food and Beverage > Food,0,dropped_by_ruling,1.0,,,YES
sydney_adventist,394,Non-Clinical > Facilities Management > Soft Facilities Management > Food and Beverage > Food,Non-Clinical > Facilities Management > Soft Facilities Management > Food and Beverage > Food,0,dropped_by_ruling,1.0,,,YES
sydney_adventist,395,Non-Clinical > Facilities Management > Soft Facilities Management > Food and Beverage > Food,Non-Clinical > Facilities Management > Soft Facilities Management > Food and Beverage > Food,0,dropped_by_ruling,1.0,,,YES
sydney_adventist,396,Non-Clinical > Facilities Management > Soft Facilities Management > Food and Beverage > Food,Non-Clinical > Facilities Management > Soft Facilities Management > Food and Beverage > Food,0,dropped_by_ruling,1.0,,,YES
sydney_adventist,397,Non-Clinical > Facilities Management > Soft Facilities Management > Food and Beverage > Food,Non-Clinical > Facilities Management > Soft Facilities Management > Food and Beverage > Food,0,dropped_by_ruling,1.0,,,YES
sydney_adventist,399,Non-Clinical > Facilities Management > Soft Facilities Management > Food and Beverage > Food,Non-Clinical > Facilities Management > Soft Facilities Management > Food and Beverage > Food,0,dropped_by_ruling,1.0,,,YES
sydney_adventist,40,Non-Clinical > Facilities Management > Soft Facilities Management > Cleaning Equipment & Supplies > Industrial laundry and dry cleaning equipment,Non-Clinical > Facilities Management > Soft Facilities Management > Cleaning Equipment & Supplies > Industrial laundry and dry cleaning equipment,0,exact,1.0,NC-0070,Non-Clinical > Facilities Management > Soft Facilities Management > Cleaning Equipment & Supplies > Industrial laundry and dry cleaning equipment,
sydney_adventist,400,Non-Clinical > Facilities Management > Soft Facilities Management > Food and Beverage > Food,Non-Clinical > Facilities Management > Soft Facilities Management > Food and Beverage > Food,0,dropped_by_ruling,1.0,,,YES
sydney_adventist,401,Non-Clinical > Facilities Management > Soft Facilities Management > Food and Beverage > Food,Non-Clinical > Facilities Management > Soft Facilities Management > Food and Beverage > Food,0,dropped_by_ruling,1.0,,,YES
sydney_adventist,402,Non-Clinical > Facilities Management > Soft Facilities Management > Food and Beverage > Food,Non-Clinical > Facilities Management > Soft Facilities Management > Food and Beverage > Food,0,dropped_by_ruling,1.0,,,YES
sydney_adventist,403,Non-Clinical > Facilities Management > Soft Facilities Management > Food and Beverage > Food,Non-Clinical > Facilities Management > Soft Facilities Management > Food and Beverage > Food,0,dropped_by_ruling,1.0,,,YES
sydney_adventist,404,Non-Clinical > Facilities Management > Soft Facilities Management > Food and Beverage > Food,Non-Clinical > Facilities Management > Soft Facilities Management > Food and Beverage > Food,1,dropped_by_ruling,1.0,,,YES
sydney_adventist,405,Non-Clinical > Facilities Management > Soft Facilities Management > Food and Beverage > Food,Non-Clinical > Facilities Management > Soft Facilities Management > Food and Beverage > Food,0,dropped_by_ruling,1.0,,,YES
sydney_adventist,406,Non-Clinical > Facilities Management > Soft Facilities Management > Food and Beverage > Food,Non-Clinical > Facilities Management > Soft Facilities Management > Food and Beverage > Food,0,dropped_by_ruling,1.0,,,YES
sydney_adventist,407,Non-Clinical > Facilities Management > Soft Facilities Management > Food and Beverage > Food,Non-Clinical > Facilities Management > Soft Facilities Management > Food and Beverage > Food,0,dropped_by_ruling,1.0,,,YES
sydney_adventist,41,Non-Clinical > Facilities Management > Soft Facilities Management > Cleaning Equipment & Supplies > Toxic and hazardous waste cleanup products,Non-Clinical > Facilities Management > Soft Facilities Management > Cleaning Equipment & Supplies > Toxic and hazardous waste cleanup products,0,exact,1.0,NC-0072,Non-Clinical > Facilities Management > Soft Facilities Management > Cleaning Equipment & Supplies > Toxic and hazardous waste cleanup products,
sydney_adventist,42,Non-Clinical > Facilities Management > Soft Facilities Management > Laboratory Testing > Water and wastewater treatment,Non-Clinical > Facilities Management > Soft Facilities Management > Laboratory Testing > Water and wastewater treatment,1516,ruled_mapped,1.0,NC-0060,Non-Clinical > Facilities Management > Hard Facilities Management > Waste Management > Hazardous Waste Management and Disposal,YES
sydney_adventist,422,Non-Clinical > Corporate Services > Subscriptions and Memberships > Subscriptions and Memberships > Subscriptions and Memberships,Non-Clinical > Corporate Services > Subscriptions and Memberships,676,ruled_kept,1.0,NC-0038,Non-Clinical > Corporate Services > Subscriptions and Memberships > Subscriptions and Memberships > Subscriptions and Memberships,
sydney_adventist,43,Non-Clinical > Facilities Management > Soft Facilities Management > Service Industry Equipment Supplies > Food services equipment,Non-Clinical > Facilities Management > Soft Facilities Management > Service Industry Equipment Supplies > Food services equipment,873,exact,1.0,NC-0091,Non-Clinical > Facilities Management > Soft Facilities Management > Service Industry Equipment Supplies > Food services equipment,
sydney_adventist,44,Non-Clinical > Facilities Management > Soft Facilities Management > Service Industry Equipment Supplies > Vending machines,Non-Clinical > Facilities Management > Soft Facilities Management > Service Industry Equipment Supplies > Vending machines,0,exact,1.0,NC-0092,Non-Clinical > Facilities Management > Soft Facilities Management > Service Industry Equipment Supplies > Vending machines,
sydney_adventist,45,Non-Clinical > Facilities Management > Hard Facilities Management > Building Repairs and Maintenance > HVAC,Non-Clinical > Facilities Management > Hard Facilities Management > Building Repairs and Maintenance > HVAC,454,exact,1.0,NC-0044,Non-Clinical > Facilities Management > Hard Facilities Management > Building Repairs and Maintenance > HVAC,
sydney_adventist,46,Non-Clinical > Facilities Management > Hard Facilities Management > Building Repairs and Maintenance > Building Management Systems,Non-Clinical > Facilities Management > Hard Facilities Management > Building Repairs and Maintenance > Building Management Systems,0,exact,1.0,NC-0040,Non-Clinical > Facilities Management > Hard Facilities Management > Building Repairs and Maintenance > Building Management Systems,
sydney_adventist,47,Non-Clinical > Facilities Management > Hard Facilities Management > Building Repairs and Maintenance > Building Repairs,Non-Clinical > Facilities Management > Hard Facilities Management > Building Repairs and Maintenance > Building Repairs,6696,exact,1.0,NC-0041,Non-Clinical > Facilities Management > Hard Facilities Management > Building Repairs and Maintenance > Building Repairs,
sydney_adventist,48,Non-Clinical > Facilities Management > Hard Facilities Management > Building Repairs and Maintenance > Grounds Maintenance,Non-Clinical > Facilities Management > Hard Facilities Management > Building Repairs and Maintenance > Grounds Maintenance,15,exact,1.0,NC-0043,Non-Clinical > Facilities Management > Hard Facilities Management > Building Repairs and Maintenance > Grounds Maintenance / Landscaping,
sydney_adventist,49,Non-Clinical > Facilities Management > Hard Facilities Management > Building Repairs and Maintenance > Lifts and Escalators,Non-Clinical > Facilities Management > Hard Facilities Management > Building Repairs and Maintenance > Lifts and Escalators,163,exact,1.0,NC-0045,Non-Clinical > Facilities Management > Hard Facilities Management > Building Repairs and Maintenance > Lifts and Escalators,
sydney_adventist,495,Non-Clinical > Corporate Services > Quality and Compliance Fees > Quality and Compliance Fees > Quality and Compliance Fees,Non-Clinical > Corporate Services > Quality and Compliance Fees,0,ruled_kept,1.0,NC-0035,Non-Clinical > Corporate Services > Quality and Compliance Fees > Quality and Compliance Fees > Quality and Compliance Fees,
sydney_adventist,50,Non-Clinical > Facilities Management > Hard Facilities Management > Building Repairs and Maintenance > Plumbing Installation and maintenance,Non-Clinical > Facilities Management > Hard Facilities Management > Building Repairs and Maintenance > Plumbing Installation and maintenance,3142,exact,1.0,NC-0047,Non-Clinical > Facilities Management > Hard Facilities Management > Building Repairs and Maintenance > Plumbing Installation and Maintenance,
sydney_adventist,51,Non-Clinical > Facilities Management > Hard Facilities Management > Fires Safety and Security > Alarm Monitoring,Non-Clinical > Facilities Management > Hard Facilities Management > Fires Safety and Security > Alarm Monitoring,71,exact,1.0,NC-0051,Non-Clinical > Facilities Management > Hard Facilities Management > Fire Safety and Security > Alarm Monitoring,
sydney_adventist,52,"Non-Clinical > Facilities Management > Hard Facilities Management > Fires Safety and Security > Fire Monitoring Services, Equipment, Testing and Maintenance","Non-Clinical > Facilities Management > Hard Facilities Management > Fires Safety and Security > Fire Monitoring Services, Equipment, Testing and Maintenance",727,exact,1.0,NC-0054,"Non-Clinical > Facilities Management > Hard Facilities Management > Fire Safety and Security > Fire Monitoring Services, Equipment, Testing and Maintenance",
sydney_adventist,52151646,Non-Clinical > Facilities Management > Soft Facilities Management > Service Industry Equipment Supplies > Food services equipment,Non-Clinical > Facilities Management > Soft Facilities Management > Service Industry Equipment Supplies > Food services equipment,0,exact,1.0,NC-0091,Non-Clinical > Facilities Management > Soft Facilities Management > Service Industry Equipment Supplies > Food services equipment,
sydney_adventist,524,Non-Clinical > Facilities Management > Soft Facilities Management > Consumables & Disposables > Packaging & Materials,Non-Clinical > Facilities Management > Soft Facilities Management > Consumables & Disposables > Packaging & Materials,11772,parent_match,0.6,NC-0076,Non-Clinical > Facilities Management > Soft Facilities Management > Consumables & Disposables > Packaging & Materials,
sydney_adventist,525,Non-Clinical > Recruitment and Agency > Recruitment & Temp Staff > Doctor / Consultant > Doctor / Consultant,Non-Clinical > Recruitment and Agency > Recruitment & Temp Staff > Doctor / Consultant,29486,ruled_mapped,1.0,NC-0026,Non-Clinical > Corporate Services > HR Services > Recruitment & Temp Staff > Doctor / Consultant,YES
sydney_adventist,526,Non-Clinical > Recruitment and Agency > Recruitment & Temp Staff > Nursing Staff > Nursing Staff,Non-Clinical > Recruitment and Agency > Recruitment & Temp Staff > Nursing Staff,3543,ruled_mapped,1.0,NC-0028,Non-Clinical > Corporate Services > HR Services > Recruitment & Temp Staff > Nursing Staff,YES
sydney_adventist,527,Non-Clinical > ICT > Software > Applications Software - Non Clinical > Applications Software - N.E.C,Non-Clinical > ICT > Software > Applications Software - Non Clinical > Applications Software - N.E.C,16,ruled_mapped,1.0,NC-0279,Non-Clinical > ICT > ICT Software > ICT Software - Other > ICT Software - Other,YES
sydney_adventist,528,Non-Clinical > ICT > Software > Applications Software Clinical > Applications Software Clinical,Non-Clinical > ICT > Software > Applications Software- Clinical,0,ruled_mapped,1.0,NC-0279,Non-Clinical > ICT > ICT Software > ICT Software - Other > ICT Software - Other,YES
sydney_adventist,529,Non-Clinical > ICT > Software Maintenance & Support > Applications Software - Non Clinical > Applications Software - N.E.C,Non-Clinical > ICT > Software Maintenance & Support > Applications Software - Non Clinical > Applications Software - N.E.C,77,ruled_mapped,1.0,NC-0279,Non-Clinical > ICT > ICT Software > ICT Software - Other > ICT Software - Other,YES
sydney_adventist,531,Non-Procurement > Re-imbursements and Recoveries > Patient Recovery > Patient Recovery > Patient Recovery,Non-Procurement > Re-imbursements and Recoveries > Patient Recovery,18,ruled_mapped,1.0,NP-0016,Non-Procurement > Reimbursements > Patient Recovery > Patient Recovery > Patient Recovery,YES
sydney_adventist,53131626,Non-Clinical > Facilities Management > Soft Facilities Management > Cleaning Equipment & Supplies > Hand Cleaner,Non-Clinical > Facilities Management > Soft Facilities Management > Cleaning Equipment & Supplies > Hand Cleaner,0,exact,1.0,NC-0071,Non-Clinical > Facilities Management > Soft Facilities Management > Cleaning Equipment & Supplies > Sanitisers,
sydney_adventist,54,Non-Clinical > Corporate Services > Financial Services > Debt Recovery > Debt Recovery,Non-Clinical > Corporate Services > Financial Services > Debt Recovery,64,exact,1.0,NC-0009,Non-Clinical > Corporate Services > Financial Services > Debt Recovery > Debt Recovery,
sydney_adventist,55,Non-Clinical > Professional Services > Technical Professional Services > Clinical Coding Services > Clinical Coding Services,Non-Clinical > Professional Services > Technical Professional Services > Clinical Coding Services,468,parent_match,0.75,NC-0326,Non-Clinical > Professional Services > Technical Professional Services > Clinical Coding Services > Clinical Coding Services,
sydney_adventist,56,Non-Clinical > Professional Services > Advisory Services > Engineering Consultant > Engineering Consultant,Non-Clinical > Professional Services > Advisory Services > Engineering Consultant,131,exact,1.0,NC-0315,Non-Clinical > Professional Services > Advisory Services > Engineering Consultant > Engineering Consultant,
sydney_adventist,59,Non-Clinical > Professional Services > Advisory Services > Security Consulting > Security Consulting,Non-Clinical > Professional Services > Advisory Services > Security Consulting,0,exact,1.0,NC-0321,Non-Clinical > Professional Services > Advisory Services > Security Consulting > Security Consulting,
sydney_adventist,60,Non-Clinical > Professional Services > Advisory Services > Legal Consulting > Legal Consulting,Non-Clinical > Professional Services > Advisory Services > Legal Consulting,656,exact,1.0,NC-0318,Non-Clinical > Professional Services > Advisory Services > Legal Consulting > Legal Consulting,
sydney_adventist,64,Non-Clinical > Professional Services > Advisory Services > Business Consulting > Business Consulting,Non-Clinical > Professional Services > Advisory Services > Business Consulting,740,exact,1.0,NC-0313,Non-Clinical > Professional Services > Advisory Services > Business Consulting > Business Consulting,
sydney_adventist,66,Non-Clinical > Professional Services > Advisory Services > Education Consultants > Education Consultants,Non-Clinical > Professional Services > Advisory Services > Education Consultants,0,exact,1.0,NC-0314,Non-Clinical > Professional Services > Advisory Services > Education Consultants > Education Consultants,
sydney_adventist,68,Non-Clinical > Professional Services > Advisory Services > HR Consulting > HR Consulting,Non-Clinical > Professional Services > Advisory Services > HR Consulting,21,exact,1.0,NC-0317,Non-Clinical > Professional Services > Advisory Services > HR Consulting > HR Consulting,
sydney_adventist,69,Non-Clinical > Professional Services > Advisory Services > Training Consultants > Training Consultants,Non-Clinical > Professional Services > Advisory Services > Training Consultants,321,exact,1.0,NC-0322,Non-Clinical > Professional Services > Advisory Services > Training Consultants > Training Consultants,
sydney_adventist,70,Non-Clinical > ICT > Consulting Services > ICT Consulting Services > ICT Consulting Services,Non-Clinical > ICT > Consulting Services > ICT Consulting Services,2511,ruled_mapped,1.0,NC-0273,Non-Clinical > ICT > ICT Professional Services > IT Consulting & Strategy > IT Consulting & Strategy,YES
sydney_adventist,71,Non-Clinical > Professional Services > Advisory Services > Marketing Consulting > Marketing Consulting,Non-Clinical > Professional Services > Advisory Services > Marketing Consulting,181,exact,1.0,NC-0319,Non-Clinical > Professional Services > Advisory Services > Marketing Consulting > Marketing Consulting,
sydney_adventist,72,Non-Clinical > Corporate Services > Financial Services > Bank Charges > Bank Charges,Non-Clinical > Corporate Services > Financial Services > Bank Charges,0,exact,1.0,NC-0006,Non-Clinical > Corporate Services > Financial Services > Bank Charges > Bank Charges,
sydney_adventist,73,Non-Clinical > Corporate Services > Financial Services > Cash Management Services > Cash Management Services,Non-Clinical > Corporate Services > Financial Services > Cash Management Services,0,exact,1.0,NC-0007,Non-Clinical > Corporate Services > Financial Services > Cash Management Services > Cash Management Services,
sydney_adventist,74,Non-Clinical > Corporate Services > Financial Services > Worker's Compensation Insurance > Worker's Compensation Insurance,Non-Clinical > Corporate Services > Financial Services > Worker's Compensation Insurance,0,exact,1.0,NC-0018,Non-Clinical > Corporate Services > Financial Services > Workers Compensation Insurance > Workers Compensation Insurance,
sydney_adventist,75,Non-Clinical > Corporate Services > Financial Services > Corporate Insurance > Corporate Insurance,Non-Clinical > Corporate Services > Financial Services > Corporate Insurance,157,exact,1.0,NC-0008,Non-Clinical > Corporate Services > Financial Services > Corporate Insurance > Corporate Insurance,
sydney_adventist,78,Non-Clinical > Corporate Services > Financial Services > Financial Services General > Financial Services General,Non-Clinical > Corporate Services > Financial Services > Financial Services General,96,exact,1.0,NC-0010,Non-Clinical > Corporate Services > Financial Services > Financial Services General > Financial Services General,
sydney_adventist,79,Non-Clinical > Corporate Services > Financial Services > Insurance Brokers > Insurance Brokers,Non-Clinical > Corporate Services > Financial Services > Insurance Brokers,0,exact,1.0,NC-0011,Non-Clinical > Corporate Services > Financial Services > Insurance Brokers > Insurance Brokers,
sydney_adventist,80,Non-Clinical > Corporate Services > Financial Services > Leasing Brokers (Equipment) > Leasing Brokers (Equipment),Non-Clinical > Corporate Services > Financial Services > Leasing Brokers (Equipment),0,exact,1.0,NC-0012,Non-Clinical > Corporate Services > Financial Services > Leasing Brokers (Equipment) > Leasing Brokers (Equipment),
sydney_adventist,81,Non-Clinical > Professional Services > Technical Professional Services > Audit Services > Audit Services,Non-Clinical > Professional Services > Technical Professional Services > Audit Services,164,exact,1.0,NC-0324,Non-Clinical > Professional Services > Technical Professional Services > Audit Services > Audit Services,
sydney_adventist,82,Non-Clinical > Professional Services > Technical Professional Services > Certification > Certification,Non-Clinical > Professional Services > Technical Professional Services > Certification,0,exact,1.0,NC-0325,Non-Clinical > Professional Services > Technical Professional Services > Certification > Certification,
sydney_adventist,83,Non-Clinical > Professional Services > Technical Professional Services > Copyright Services > Copyright Services,Non-Clinical > Professional Services > Technical Professional Services > Copyright Services,0,exact,1.0,NC-0327,Non-Clinical > Professional Services > Technical Professional Services > Copyright Services > Copyright Services,
sydney_adventist,84,Non-Clinical > Professional Services > Technical Professional Services > Education Providers > Education Providers,Non-Clinical > Professional Services > Technical Professional Services > Education Providers,3,exact,1.0,NC-0328,Non-Clinical > Professional Services > Technical Professional Services > Education Providers > Education Providers,
sydney_adventist,85,Non-Clinical > Professional Services > Technical Professional Services > Interpreters & Transcript Services > Interpreters & Transcript Services,Non-Clinical > Professional Services > Technical Professional Services > Interpreters & Transcript Services,0,exact,1.0,NC-0329,Non-Clinical > Professional Services > Technical Professional Services > Interpreters & Transcript Services > Interpreters & Transcript Services,
sydney_adventist,87,Non-Clinical > Professional Services > Technical Professional Services > ICT Professional Services > ICT Professional Services,Non-Clinical > Professional Services > Technical Professional Services > ICT Professional Services,270,ruled_mapped,1.0,NC-0273,Non-Clinical > ICT > ICT Professional Services > IT Consulting & Strategy > IT Consulting & Strategy,YES
sydney_adventist,9,"Non-Clinical > Facilities Management > Soft Facilities Management > Furniture, fittings and equipment > Furniture, fittings and equipment","Non-Clinical > Facilities Management > Soft Facilities Management > Furniture, fittings and equipment",1112,exact,1.0,NC-0082,"Non-Clinical > Facilities Management > Soft Facilities Management > Furniture, fittings and equipment > Furniture, fittings and equipment",
sydney_adventist,97,Non-Clinical > Professional Services > Technical Professional Services > Architectural Design > Architectural Design,Non-Clinical > Professional Services > Technical Professional Services > Architectural Design,67,exact,1.0,NC-0323,Non-Clinical > Professional Services > Technical Professional Services > Architectural Design > Architectural Design,
sydney_adventist,98,Non-Clinical > Professional Services > Technical Professional Services > Architectural Design > Architectural Design,Non-Clinical > Professional Services > Technical Professional Services > Architectural Design,145,exact,1.0,NC-0323,Non-Clinical > Professional Services > Technical Professional Services > Architectural Design > Architectural Design,
western_health,WH0001,Non-Clinical > Facilities Management > Hard Facilities Management > Building Repairs and Maintenance > Electrical Installation and Maintenance,Non-Clinical > Facilities Management > Hard Facilities Management > Building Repairs and Maintenance > Electrical Installation and Maintenance,1757,exact,1.0,NC-0042,Non-Clinical > Facilities Management > Hard Facilities Management > Building Repairs and Maintenance > Electrical Installation and Maintenance,
western_health,WH0002,Non-Clinical > Facilities Management > Hard Facilities Management > Building Repairs and Maintenance > Electrical Installation and Maintenance,Non-Clinical > Facilities Management > Hard Facilities Management > Building Repairs and Maintenance > Electrical Installation and Maintenance,0,exact,1.0,NC-0042,Non-Clinical > Facilities Management > Hard Facilities Management > Building Repairs and Maintenance > Electrical Installation and Maintenance,
western_health,WH0003,Non-Clinical > Facilities Management > Soft Facilities Management > Catering Services > Patient Meals and Supplies,Non-Clinical > Facilities Management > Soft Facilities Management > Catering Services > Patient Meals and Supplies,108803,parent_match,0.8,NC-0067,Non-Clinical > Facilities Management > Soft Facilities Management > Catering Services > Patient Meals and Supplies,
western_health,WH0004,Non-Clinical > Facilities Management > Soft Facilities Management > Catering Services > Catering Services,Non-Clinical > Facilities Management > Soft Facilities Management > Catering Services,3896,ruled_mapped,1.0,NC-0066,Non-Clinical > Facilities Management > Soft Facilities Management > Catering Services > Catering Services - Other,YES
western_health,WH0005,"Non-Clinical > Facilities Management > Soft Facilities Management > Furniture, fittings and equipment > Furniture, fittings and equipment","Non-Clinical > Facilities Management > Soft Facilities Management > Furniture, fittings and equipment",9056,exact,1.0,NC-0082,"Non-Clinical > Facilities Management > Soft Facilities Management > Furniture, fittings and equipment > Furniture, fittings and equipment",
western_health,WH0006,Non-Clinical > Facilities Management > Soft Facilities Management > Shredding Services > Shredding Services,Non-Clinical > Facilities Management > Soft Facilities Management > Shredding Services,0,ruled_mapped,1.0,NC-0037,Non-Clinical > Corporate Services > Records Management > Shredding Services > Shredding Services,YES
western_health,WH0007,"Non-Clinical > Facilities Management > Soft Facilities Management > Furniture, fittings and equipment > Furniture, fittings and equipment","Non-Clinical > Facilities Management > Soft Facilities Management > Furniture, fittings and equipment",0,exact,1.0,NC-0082,"Non-Clinical > Facilities Management > Soft Facilities Management > Furniture, fittings and equipment > Furniture, fittings and equipment",
western_health,WH0008,"Non-Clinical > Facilities Management > Soft Facilities Management > Furniture, fittings and equipment > Furniture, fittings and equipment","Non-Clinical > Facilities Management > Soft Facilities Management > Furniture, fittings and equipment",0,exact,1.0,NC-0082,"Non-Clinical > Facilities Management > Soft Facilities Management > Furniture, fittings and equipment > Furniture, fittings and equipment",
western_health,WH0009,Non-Clinical > Facilities Management > Soft Facilities Management > Stationery & Printing > Stationery & Printing,Non-Clinical > Facilities Management > Soft Facilities Management > Stationery & Printing,45531,ruled_mapped,1.0,NC-0349,Non-Clinical > Corporate Services > General Admin Supplies > Stationery & Printing > Stationery & Printing,YES
western_health,WH0010,Non-Clinical > Facilities Management > Soft Facilities Management > Stationery & Printing > Stationery & Printing,Non-Clinical > Facilities Management > Soft Facilities Management > Stationery & Printing,0,ruled_mapped,1.0,NC-0349,Non-Clinical > Corporate Services > General Admin Supplies > Stationery & Printing > Stationery & Printing,YES
western_health,WH0011,Non-Clinical > Facilities Management > Soft Facilities Management > General Office Supplies > General Office Supplies,Non-Clinical > Facilities Management > Soft Facilities Management > General Office Supplies,48852,exact,1.0,NC-0083,Non-Clinical > Facilities Management > Soft Facilities Management > General Office Supplies > General Office Supplies,
western_health,WH0012,Non-Clinical > Facilities Management > Soft Facilities Management > Bed & bathing > Bed & bathing,Non-Clinical > Facilities Management > Soft Facilities Management > Bed & bathing,24,ruled_mapped,1.0,NC-0041,Non-Clinical > Facilities Management > Hard Facilities Management > Building Repairs and Maintenance > Building Repairs,YES
western_health,WH0013,Non-Clinical > Facilities Management > Soft Facilities Management > Cleaning Services > Cleaning Services,Non-Clinical > Facilities Management > Soft Facilities Management > Cleaning Services,423,exact,1.0,NC-0073,Non-Clinical > Facilities Management > Soft Facilities Management > Cleaning Services > Cleaning Services,
western_health,WH0014,Non-Clinical > Facilities Management > Soft Facilities Management > Laundry Services > Laundry Services,Non-Clinical > Facilities Management > Soft Facilities Management > Laundry Services,33348,exact,1.0,NC-0084,Non-Clinical > Facilities Management > Soft Facilities Management > Laundry Services > Laundry Services,
western_health,WH0015,Non-Clinical > Facilities Management > Soft Facilities Management > Other Support Services > Other Support Services,Non-Clinical > Facilities Management > Soft Facilities Management > Other Support Services,129,exact,1.0,NC-0086,Non-Clinical > Facilities Management > Soft Facilities Management > Other Support Services > Other Support Services,
western_health,WH0016,Non-Clinical > Facilities Management > Soft Facilities Management > Painting & Decorating Services > Painting & Decorating Services,Non-Clinical > Facilities Management > Soft Facilities Management > Painting & Decorating Services,47,ruled_mapped,1.0,NC-0046,Non-Clinical > Facilities Management > Hard Facilities Management > Building Repairs and Maintenance > Painting & Decorating Services,YES
western_health,WH0017,Non-Clinical > Facilities Management > Soft Facilities Management > Pest Control Services > Pest Control Services,Non-Clinical > Facilities Management > Soft Facilities Management > Pest Control Services,1275,exact,1.0,NC-0088,Non-Clinical > Facilities Management > Soft Facilities Management > Pest Control Services > Pest Control Services,
western_health,WH0018,Non-Clinical > Facilities Management > Soft Facilities Management > Security Services > Security Services,Non-Clinical > Facilities Management > Soft Facilities Management > Security Services,9488,exact,1.0,NC-0090,Non-Clinical > Facilities Management > Soft Facilities Management > Security Services > Security Services,
western_health,WH0019,Non-Clinical > Facilities Management > Soft Facilities Management > Waste Management / Disposal Services > Waste Management / Disposal Services,Non-Clinical > Facilities Management > Soft Facilities Management > Waste Management / Disposal Services,666,ruled_mapped,1.0,NC-0061,Non-Clinical > Facilities Management > Hard Facilities Management > Waste Management > Waste Management and Disposal,YES
western_health,WH0020,Non-Clinical > Facilities Management > Soft Facilities Management > Utilities > Electricity,Non-Clinical > Facilities Management > Soft Facilities Management > Utilities > Electricity,1295,ruled_mapped,1.0,NC-0057,Non-Clinical > Facilities Management > Hard Facilities Management > Utilities > Electricity,YES
western_health,WH0021,Non-Clinical > Facilities Management > Soft Facilities Management > Utilities > Gas,Non-Clinical > Facilities Management > Soft Facilities Management > Utilities > Gas,718,ruled_mapped,1.0,NC-0058,Non-Clinical > Facilities Management > Hard Facilities Management > Utilities > Gas,YES
western_health,WH0022,Non-Clinical > Facilities Management > Soft Facilities Management > Utilities > Water and Sewerage,Non-Clinical > Facilities Management > Soft Facilities Management > Utilities > Water and Sewerage,2469,ruled_mapped,1.0,NC-0059,Non-Clinical > Facilities Management > Hard Facilities Management > Utilities > Water and Sewerage,YES
western_health,WH0023,"Non-Clinical > Facilities Management > Soft Facilities Management > Apparel, Uniforms & Clothing > Other Clothing","Non-Clinical > Facilities Management > Soft Facilities Management > Apparel, Uniforms & Clothing > Other Clothing",431,exact,1.0,NC-0064,"Non-Clinical > Facilities Management > Soft Facilities Management > Apparel, Uniforms & Clothing > Other Clothing",
western_health,WH0024,"Non-Clinical > Facilities Management > Soft Facilities Management > Apparel, Uniforms & Clothing > Corporate uniforms","Non-Clinical > Facilities Management > Soft Facilities Management > Apparel, Uniforms & Clothing > Corporate uniforms",1407,exact,1.0,NC-0063,"Non-Clinical > Facilities Management > Soft Facilities Management > Apparel, Uniforms & Clothing > Corporate uniforms",
western_health,WH0025,Non-Clinical > Facilities Management > Soft Facilities Management > Cleaning Equipment & Supplies > Cleaning and janitorial supplies,Non-Clinical > Facilities Management > Soft Facilities Management > Cleaning Equipment & Supplies > Cleaning and janitorial supplies,0,exact,1.0,NC-0069,Non-Clinical > Facilities Management > Soft Facilities Management > Cleaning Equipment & Supplies > Cleaning and janitorial supplies,
western_health,WH0026,Non-Clinical > Facilities Management > Soft Facilities Management > Cleaning Equipment & Supplies > Toxic and hazardous waste cleanup products,Non-Clinical > Facilities Management > Soft Facilities Management > Cleaning Equipment & Supplies > Toxic and hazardous waste cleanup products,6127,exact,1.0,NC-0072,Non-Clinical > Facilities Management > Soft Facilities Management > Cleaning Equipment & Supplies > Toxic and hazardous waste cleanup products,
western_health,WH0027,Non-Clinical > Facilities Management > Soft Facilities Management > Cleaning Equipment & Supplies > Hand or body cleanser,Non-Clinical > Facilities Management > Soft Facilities Management > Cleaning Equipment & Supplies > Hand or body cleanser,19154,parent_match,0.8,NC-0071,Non-Clinical > Facilities Management > Soft Facilities Management > Cleaning Equipment & Supplies > Sanitisers,
western_health,WH0028,Non-Clinical > Facilities Management > Soft Facilities Management > Personal care products > Hair care products,Non-Clinical > Facilities Management > Soft Facilities Management > Personal care products > Hair care products,188,ruled_mapped,1.0,NC-0087,Non-Clinical > Facilities Management > Soft Facilities Management > Patient Amenities & Toiletries > Patient Amenities & Toiletries,YES
western_health,WH0029,Non-Clinical > Facilities Management > Soft Facilities Management > Personal care products > Skin care products,Non-Clinical > Facilities Management > Soft Facilities Management > Personal care products > Skin care products,2603,ruled_mapped,1.0,NC-0087,Non-Clinical > Facilities Management > Soft Facilities Management > Patient Amenities & Toiletries > Patient Amenities & Toiletries,YES
western_health,WH0030,Non-Clinical > Facilities Management > Soft Facilities Management > Cleaning Equipment & Supplies > Water and wastewater treatment supply and disposal,Non-Clinical > Facilities Management > Soft Facilities Management > Cleaning Equipment & Supplies > Water and wastewater treatment supply and disposal,941,ruled_mapped,1.0,NC-0060,Non-Clinical > Facilities Management > Hard Facilities Management > Waste Management > Hazardous Waste Management and Disposal,YES
western_health,WH0031,Non-Clinical > Facilities Management > Soft Facilities Management > Service Industry Equipment Supplies > Food services equipment,Non-Clinical > Facilities Management > Soft Facilities Management > Service Industry Equipment Supplies > Food services equipment,364,exact,1.0,NC-0091,Non-Clinical > Facilities Management > Soft Facilities Management > Service Industry Equipment Supplies > Food services equipment,
western_health,WH0032,Non-Clinical > Facilities Management > Hard Facilities Management > Building Repairs and Maintenance > HVAC,Non-Clinical > Facilities Management > Hard Facilities Management > Building Repairs and Maintenance > HVAC,3471,exact,1.0,NC-0044,Non-Clinical > Facilities Management > Hard Facilities Management > Building Repairs and Maintenance > HVAC,
western_health,WH0033,Non-Clinical > Facilities Management > Hard Facilities Management > Building Repairs and Maintenance > Building Management Systems,Non-Clinical > Facilities Management > Hard Facilities Management > Building Repairs and Maintenance > Building Management Systems,179,exact,1.0,NC-0040,Non-Clinical > Facilities Management > Hard Facilities Management > Building Repairs and Maintenance > Building Management Systems,
western_health,WH0034,Non-Clinical > Facilities Management > Hard Facilities Management > Building Repairs and Maintenance > Building Repairs,Non-Clinical > Facilities Management > Hard Facilities Management > Building Repairs and Maintenance > Building Repairs,12845,exact,1.0,NC-0041,Non-Clinical > Facilities Management > Hard Facilities Management > Building Repairs and Maintenance > Building Repairs,
western_health,WH0035,Non-Clinical > Facilities Management > Hard Facilities Management > Building Repairs and Maintenance > Grounds Maintenance,Non-Clinical > Facilities Management > Hard Facilities Management > Building Repairs and Maintenance > Grounds Maintenance,199,exact,1.0,NC-0043,Non-Clinical > Facilities Management > Hard Facilities Management > Building Repairs and Maintenance > Grounds Maintenance / Landscaping,
western_health,WH0036,Non-Clinical > Facilities Management > Hard Facilities Management > Building Repairs and Maintenance > Plumbing Installation and maintenance,Non-Clinical > Facilities Management > Hard Facilities Management > Building Repairs and Maintenance > Plumbing Installation and maintenance,2431,exact,1.0,NC-0047,Non-Clinical > Facilities Management > Hard Facilities Management > Building Repairs and Maintenance > Plumbing Installation and Maintenance,
western_health,WH0037,Non-Clinical > Facilities Management > Hard Facilities Management > Fires Safety and Security > Alarm Monitoring,Non-Clinical > Facilities Management > Hard Facilities Management > Fires Safety and Security > Alarm Monitoring,65,exact,1.0,NC-0051,Non-Clinical > Facilities Management > Hard Facilities Management > Fire Safety and Security > Alarm Monitoring,
western_health,WH0038,"Non-Clinical > Facilities Management > Hard Facilities Management > Fires Safety and Security > Fire Monitoring Services, Equipment, Testing and Maintenance","Non-Clinical > Facilities Management > Hard Facilities Management > Fires Safety and Security > Fire Monitoring Services, Equipment, Testing and Maintenance",1135,exact,1.0,NC-0054,"Non-Clinical > Facilities Management > Hard Facilities Management > Fire Safety and Security > Fire Monitoring Services, Equipment, Testing and Maintenance",
western_health,WH0039,Non-Clinical > Corporate Services > Financial Services > Debt Recovery > Debt Recovery,Non-Clinical > Corporate Services > Financial Services > Debt Recovery,264,exact,1.0,NC-0009,Non-Clinical > Corporate Services > Financial Services > Debt Recovery > Debt Recovery,
western_health,WH0040,Non-Clinical > Professional Services > Technical Professional Services > Other Professional Services > Other Professional Services,Non-Clinical > Professional Services > Technical Professional Services > Other Professional Services,53,exact,1.0,NC-0330,Non-Clinical > Professional Services > Technical Professional Services > Other Professional Services > Other Professional Services,
western_health,WH0041,Non-Clinical > Professional Services > Advisory Services > Engineering Consultant > Engineering Consultant,Non-Clinical > Professional Services > Advisory Services > Engineering Consultant,1999,exact,1.0,NC-0315,Non-Clinical > Professional Services > Advisory Services > Engineering Consultant > Engineering Consultant,
western_health,WH0042,Non-Clinical > Professional Services > Advisory Services > Legal Consulting > Legal Consulting,Non-Clinical > Professional Services > Advisory Services > Legal Consulting,206,exact,1.0,NC-0318,Non-Clinical > Professional Services > Advisory Services > Legal Consulting > Legal Consulting,
western_health,WH0043,Non-Clinical > Professional Services > Advisory Services > Business Consulting > Business Consulting,Non-Clinical > Professional Services > Advisory Services > Business Consulting,1141,exact,1.0,NC-0313,Non-Clinical > Professional Services > Advisory Services > Business Consulting > Business Consulting,
western_health,WH0044,Non-Clinical > Professional Services > Advisory Services > Education Consultants > Education Consultants,Non-Clinical > Professional Services > Advisory Services > Education Consultants,0,exact,1.0,NC-0314,Non-Clinical > Professional Services > Advisory Services > Education Consultants > Education Consultants,
western_health,WH0045,Non-Clinical > Professional Services > Advisory Services > HR Consulting > HR Consulting,Non-Clinical > Professional Services > Advisory Services > HR Consulting,3,exact,1.0,NC-0317,Non-Clinical > Professional Services > Advisory Services > HR Consulting > HR Consulting,
western_health,WH0046,Non-Clinical > Professional Services > Advisory Services > Training Consultants > Training Consultants,Non-Clinical > Professional Services > Advisory Services > Training Consultants,463,exact,1.0,NC-0322,Non-Clinical > Professional Services > Advisory Services > Training Consultants > Training Consultants,
western_health,WH0047,Non-Clinical > Professional Services > Medical Services Rendered > Disability Services > Disability Services,Non-Clinical > Professional Services > Medical Services Rendered > Disability Services,390,ruled_mapped,1.0,NP-0006,Non-Procurement > Medical Services Rendered > Disability Services > Disability Services > Disability Services,YES
western_health,WH0048,Non-Clinical > ICT > Consulting Services > ICT Consulting Services > ICT Consulting Services,Non-Clinical > ICT > Consulting Services > ICT Consulting Services,3859,ruled_mapped,1.0,NC-0273,Non-Clinical > ICT > ICT Professional Services > IT Consulting & Strategy > IT Consulting & Strategy,YES
western_health,WH0049,Non-Clinical > Corporate Services > Financial Services > Worker's Compensation Insurance > Worker's Compensation Insurance,Non-Clinical > Corporate Services > Financial Services > Worker's Compensation Insurance,0,exact,1.0,NC-0018,Non-Clinical > Corporate Services > Financial Services > Workers Compensation Insurance > Workers Compensation Insurance,
western_health,WH0050,Non-Clinical > Corporate Services > Financial Services > Corporate Insurance > Corporate Insurance,Non-Clinical > Corporate Services > Financial Services > Corporate Insurance,25,exact,1.0,NC-0008,Non-Clinical > Corporate Services > Financial Services > Corporate Insurance > Corporate Insurance,
western_health,WH0051,Non-Clinical > Corporate Services > Financial Services > Financial Services General > Financial Services General,Non-Clinical > Corporate Services > Financial Services > Financial Services General,68,exact,1.0,NC-0010,Non-Clinical > Corporate Services > Financial Services > Financial Services General > Financial Services General,
western_health,WH0052,Non-Clinical > Corporate Services > Financial Services > Insurance Brokers > Insurance Brokers,Non-Clinical > Corporate Services > Financial Services > Insurance Brokers,31,exact,1.0,NC-0011,Non-Clinical > Corporate Services > Financial Services > Insurance Brokers > Insurance Brokers,
western_health,WH0053,Non-Clinical > Corporate Services > Financial Services > Leasing Brokers (Equipment) > Leasing Brokers (Equipment),Non-Clinical > Corporate Services > Financial Services > Leasing Brokers (Equipment),0,exact,1.0,NC-0012,Non-Clinical > Corporate Services > Financial Services > Leasing Brokers (Equipment) > Leasing Brokers (Equipment),
western_health,WH0054,Non-Clinical > Professional Services > Technical Professional Services > Audit Services > Audit Services,Non-Clinical > Professional Services > Technical Professional Services > Audit Services,11,exact,1.0,NC-0324,Non-Clinical > Professional Services > Technical Professional Services > Audit Services > Audit Services,
western_health,WH0055,Non-Clinical > Professional Services > Technical Professional Services > Certification > Certification,Non-Clinical > Professional Services > Technical Professional Services > Certification,11,exact,1.0,NC-0325,Non-Clinical > Professional Services > Technical Professional Services > Certification > Certification,
western_health,WH0056,Non-Clinical > Professional Services > Technical Professional Services > Education Providers > Education Providers,Non-Clinical > Professional Services > Technical Professional Services > Education Providers,0,exact,1.0,NC-0328,Non-Clinical > Professional Services > Technical Professional Services > Education Providers > Education Providers,
western_health,WH0057,Non-Clinical > Professional Services > Technical Professional Services > Interpreters & Transcript Services > Interpreters & Transcript Services,Non-Clinical > Professional Services > Technical Professional Services > Interpreters & Transcript Services,5467,exact,1.0,NC-0329,Non-Clinical > Professional Services > Technical Professional Services > Interpreters & Transcript Services > Interpreters & Transcript Services,
western_health,WH0058,Non-Clinical > Professional Services > Technical Professional Services > ICT Professional Services > ICT Professional Services,Non-Clinical > Professional Services > Technical Professional Services > ICT Professional Services,1194,ruled_mapped,1.0,NC-0273,Non-Clinical > ICT > ICT Professional Services > IT Consulting & Strategy > IT Consulting & Strategy,YES
western_health,WH0059,Non-Clinical > Professional Services > Technical Professional Services > Architectural Design > Architectural Design,Non-Clinical > Professional Services > Technical Professional Services > Architectural Design,145,exact,1.0,NC-0323,Non-Clinical > Professional Services > Technical Professional Services > Architectural Design > Architectural Design,
western_health,WH0060,Non-Clinical > Professional Services > Technical Professional Services > Architectural Design > Architectural Design,Non-Clinical > Professional Services > Technical Professional Services > Architectural Design,0,exact,1.0,NC-0323,Non-Clinical > Professional Services > Technical Professional Services > Architectural Design > Architectural Design,
western_health,WH0061,Non-Clinical > ICT > Software > Applications Software - Non Clinical > Applications Software - PC Tablet,Non-Clinical > ICT > Software > Applications Software - Non Clinical > Applications Software - PC Tablet,0,ruled_mapped,1.0,NC-0279,Non-Clinical > ICT > ICT Software > ICT Software - Other > ICT Software - Other,YES
western_health,WH0062,Non-Clinical > ICT > Software > Applications Software - Non Clinical > Applications Software - Security,Non-Clinical > ICT > Software > Applications Software - Non Clinical > Applications Software - Security,30,ruled_mapped,1.0,NC-0282,Non-Clinical > ICT > ICT Software > Security & Compliance Software > Security & Compliance Software,YES
western_health,WH0063,Non-Clinical > ICT > Software Maintenance & Support > Applications Software - Non Clinical > Applications Software - PC Tablet,Non-Clinical > ICT > Software Maintenance & Support > Applications Software - Non Clinical > Applications Software - PC Tablet,0,ruled_mapped,1.0,NC-0279,Non-Clinical > ICT > ICT Software > ICT Software - Other > ICT Software - Other,YES
western_health,WH0064,Non-Clinical > ICT > Software Maintenance & Support > Applications Software - Non Clinical > Applications Software - Security,Non-Clinical > ICT > Software Maintenance & Support > Applications Software - Non Clinical > Applications Software - Security,0,ruled_mapped,1.0,NC-0279,Non-Clinical > ICT > ICT Software > ICT Software - Other > ICT Software - Other,YES
western_health,WH0065,Non-Clinical > ICT > Software Maintenance & Support > Software Licensing and Maintenance > Software Licensing and Maintenance,Non-Clinical > ICT > Software Maintenance & Support > Software Licensing and Maintenance,2323,ruled_mapped,1.0,NC-0279,Non-Clinical > ICT > ICT Software > ICT Software - Other > ICT Software - Other,YES
western_health,WH0066,Non-Clinical > ICT > Hardware > Desktop / Laptop / Smartphones / Tablets / End User Computing > Desktop / Laptop / Smartphones / Tablets / End User Computing,Non-Clinical > ICT > Hardware > Desktop / Laptop / Smartphones / Tablets / End User Computing,4117,ruled_mapped,1.0,NC-0264,Non-Clinical > ICT > ICT Hardware > End User Devices > End User Devices,YES
western_health,WH0067,Non-Clinical > ICT > Hardware > Desktop / Laptop / Smartphones / Tablets / End User Computing > Desktop / Laptop / Smartphones / Tablets / End User Computing,Non-Clinical > ICT > Hardware > Desktop / Laptop / Smartphones / Tablets / End User Computing,0,ruled_mapped,1.0,NC-0264,Non-Clinical > ICT > ICT Hardware > End User Devices > End User Devices,YES
western_health,WH0068,Non-Clinical > ICT > Hardware > IT Network Hardware > IT Network Hardware,Non-Clinical > ICT > Hardware > IT Network Hardware,3,ruled_mapped,1.0,NC-0269,Non-Clinical > ICT > ICT Hardware > Network Infrastructure > Network Infrastructure,YES
western_health,WH0069,Non-Clinical > ICT > Hardware > Servers > Servers,Non-Clinical > ICT > Hardware > Servers,0,ruled_mapped,1.0,NC-0267,Non-Clinical > ICT > ICT Hardware > ICT Hardware - Other > ICT Hardware - Other,YES
western_health,WH0070,Non-Clinical > ICT > Hardware > Storage > Storage,Non-Clinical > ICT > Hardware > Storage,0,ruled_mapped,1.0,NC-0271,Non-Clinical > ICT > ICT Hardware > Storage & Backup Devices > Storage & Backup Devices,YES
western_health,WH0071,Non-Clinical > ICT > Hardware > IT Network Hardware > Power Supply,Non-Clinical > ICT > Hardware > IT Network Hardware > Power Supply,0,ruled_mapped,1.0,NC-0269,Non-Clinical > ICT > ICT Hardware > Network Infrastructure > Network Infrastructure,YES
western_health,WH0072,Non-Clinical > ICT > Hardware > Printers and Multi-Function Print Devices > Printers and Multi-Function Devices,Non-Clinical > ICT > Hardware > Printers and Multi-Function Print Devices > Printers and Multi-Function Devices,163,ruled_mapped,1.0,NC-0270,Non-Clinical > ICT > ICT Hardware > Print & Imaging Devices > Print & Imaging Devices,YES
western_health,WH0073,Non-Clinical > ICT > Hardware > Audio Visual Equipment > Audio Visual Equipment,Non-Clinical > ICT > Hardware > Audio Visual Equipment,80,ruled_mapped,1.0,NC-0287,Non-Clinical > ICT > Telecommunications > Telephony & Conferencing Systems > Telephony & Conferencing Systems,YES
western_health,WH0074,Non-Clinical > ICT > Hardware Maintenance & Support > Hardware Maintenance and testing > Desktop / Laptop / Smartphones / Tablets / End User Computing,Non-Clinical > ICT > Hardware Maintenance & Support > Hardware Maintenance and testing > Desktop / Laptop / Smartphones / Tablets / End User Computing,5937,ruled_mapped,1.0,NC-0266,Non-Clinical > ICT > ICT Hardware > Hardware Maintenance & Support > Hardware Maintenance & Support,YES
western_health,WH0075,Non-Clinical > ICT > Hardware Maintenance & Support > Hardware Maintenance and testing > IT Network Hardware,Non-Clinical > ICT > Hardware Maintenance & Support > Hardware Maintenance and testing > IT Network Hardware,1249,ruled_mapped,1.0,NC-0266,Non-Clinical > ICT > ICT Hardware > Hardware Maintenance & Support > Hardware Maintenance & Support,YES
western_health,WH0076,Non-Clinical > ICT > Hardware Maintenance & Support > Hardware Maintenance and testing > Printers and Multi-Function Devices,Non-Clinical > ICT > Hardware Maintenance & Support > Hardware Maintenance and testing > Printers and Multi-Function Devices,337,ruled_mapped,1.0,NC-0266,Non-Clinical > ICT > ICT Hardware > Hardware Maintenance & Support > Hardware Maintenance & Support,YES
western_health,WH0077,Non-Clinical > ICT > Hardware Maintenance & Support > Hardware Maintenance and testing > Audio Visual Equipment,Non-Clinical > ICT > Hardware Maintenance & Support > Hardware Maintenance and testing > Audio Visual Equipment,217,ruled_mapped,1.0,NC-0266,Non-Clinical > ICT > ICT Hardware > Hardware Maintenance & Support > Hardware Maintenance & Support,YES
western_health,WH0078,Non-Clinical > ICT > Telecommunications > Mobile voice and data > Mobile voice and data,Non-Clinical > ICT > Telecommunications > Mobile voice and data,934,ruled_mapped,1.0,NC-0285,Non-Clinical > ICT > Telecommunications > Mobile Network Services > Mobile Network Services,YES
western_health,WH0079,Non-Clinical > ICT > Telecommunications > Fixed Data (WAN) Services > Fixed Data (WAN) Services,Non-Clinical > ICT > Telecommunications > Fixed Data (WAN) Services,18,ruled_mapped,1.0,NC-0284,Non-Clinical > ICT > Telecommunications > Internet & Broadband Services > Internet & Broadband Services,YES
western_health,WH0080,Non-Clinical > Logistics > Travel > Air Travel > Air Travel,Non-Clinical > Logistics > Travel > Air Travel,0,exact,1.0,NC-0291,Non-Clinical > Logistics > Travel > Air Travel > Air Travel,
western_health,WH0081,Non-Clinical > Logistics > Travel > Travel Management Services > Travel Management Services,Non-Clinical > Logistics > Travel > Travel Management Services,868,parent_match,0.75,NC-0297,Non-Clinical > Logistics > Travel > Travel Management Services > Travel Management Services,
western_health,WH0082,Non-Clinical > Logistics > Travel > Ground Transport > Ground Transport,Non-Clinical > Logistics > Travel > Ground Transport,1329,exact,1.0,NC-0292,Non-Clinical > Logistics > Travel > Ground Transport > Ground Transport,
western_health,WH0083,Non-Clinical > Logistics > Travel > Hire Car > Hire Car,Non-Clinical > Logistics > Travel > Hire Car,41,exact,1.0,NC-0293,Non-Clinical > Logistics > Travel > Taxi & Car Hire > Taxi & Car Hire,
western_health,WH0084,Non-Clinical > Logistics > Travel > Ground Transport > Ground Transport,Non-Clinical > Logistics > Travel > Ground Transport,0,exact,1.0,NC-0292,Non-Clinical > Logistics > Travel > Ground Transport > Ground Transport,
western_health,WH0085,Non-Clinical > Travel > Transport Domestic > Transport Domestic > Transport Domestic,Non-Clinical > Travel > Transport Domestic,1,ruled_mapped,1.0,NC-0294,Non-Clinical > Logistics > Travel > Transport Domestic > Transport Domestic,YES
western_health,WH0086,Non-Clinical > Logistics > Travel > Accomodation & Meals > Accomodation & Meals,Non-Clinical > Logistics > Travel > Accomodation & Meals,992,exact,1.0,NC-0290,Non-Clinical > Logistics > Travel > Accommodation & Meals > Accommodation & Meals,
western_health,WH0087,Non-Clinical > Logistics > Transport > Patient Transport > Patient Transport,Non-Clinical > Logistics > Transport > Patient Transport,16116,exact,1.0,NC-0289,Non-Clinical > Logistics > Transport > Patient Transport > Patient Transport,
western_health,WH0088,Non-Clinical > Logistics > Transport > Courier > Courier Services,Non-Clinical > Logistics > Transport > Courier > Courier Services,2354,ruled_mapped,1.0,NC-0003,Non-Clinical > Corporate Services > Courier and Postal Services > Courier Services > Courier Services,YES
western_health,WH0089,Non-Clinical > Logistics > Transport > Courier > Courier Fees,Non-Clinical > Logistics > Transport > Courier > Courier Fees,419,ruled_mapped,1.0,NC-0003,Non-Clinical > Corporate Services > Courier and Postal Services > Courier Services > Courier Services,YES
western_health,WH0090,Non-Clinical > Logistics > Transport > Freight > Freight,Non-Clinical > Logistics > Transport > Freight,2518,exact,1.0,NC-0288,Non-Clinical > Logistics > Transport > Freight > Freight,
western_health,WH0091,Non-Clinical > Fleet and Vehicles > Corporate Fleet Vehicles > General Vehicles > General Vehicles,Non-Clinical > Fleet and Vehicles > Corporate Fleet Vehicles > General Vehicles,6,exact,1.0,NC-0097,Non-Clinical > Fleet and Vehicles > Fleet Management > General Vehicles > General Vehicles,
western_health,WH0092,Non-Clinical > Fleet and Vehicles > Parking & Tolls > Parking & Tolls > Parking & Tolls,Non-Clinical > Fleet and Vehicles > Parking & Tolls,1323,ruled_mapped,1.0,NC-0101,Non-Clinical > Fleet and Vehicles > Fleet Operating Costs > Parking & Tolls > Parking & Tolls,YES
western_health,WH0093,Non-Clinical > Fleet and Vehicles > Vehicle Leasing > Vehicle Leasing > Vehicle Leasing,Non-Clinical > Fleet and Vehicles > Vehicle Leasing,8660,ruled_mapped,1.0,NC-0100,Non-Clinical > Fleet and Vehicles > Fleet Management > Vehicle Leasing > Vehicle Leasing,YES
western_health,WH0094,Non-Clinical > Fleet and Vehicles > Vehicle Repair and Maintenance > Towing and Miscellaneous vehicle components > Towing and Miscellaneous vehicle components,Non-Clinical > Fleet and Vehicles > Vehicle Repair and Maintenance > Towing and Miscellaneous vehicle components,0,ruled_mapped,1.0,NC-0105,Non-Clinical > Fleet and Vehicles > Fleet Operating Costs > Vehicle Repair and Maintenance > Towing and Miscellaneous vehicle components,YES
western_health,WH0095,Non-Clinical > Fleet and Vehicles > Vehicle Repair and Maintenance > Vehicle Repairs and Maintenance > Vehicle Repairs and Maintenance,Non-Clinical > Fleet and Vehicles > Vehicle Repair and Maintenance > Vehicle Repairs and Maintenance,291,ruled_mapped,1.0,NC-0106,Non-Clinical > Fleet and Vehicles > Fleet Operating Costs > Vehicle Repair and Maintenance > Vehicle Repair and Maintenance - Other,YES
western_health,WH0096,Non-Clinical > Property > Property Management > Venue Hire > Venue Hire,Non-Clinical > Property > Property Management > Venue Hire,0,ruled_mapped,1.0,NP-0012,Non-Procurement > Property Management > Venue Hire > Venue Hire > Venue Hire,YES
western_health,WH0097,Non-Clinical > Property > Property Management > Property Leases > Property Leases,Non-Clinical > Property > Property Management > Property Leases,373,ruled_mapped,1.0,NP-0010,Non-Procurement > Property Management > Property Leases > Property Leases > Property Leases,YES
western_health,WH0098,Non-Clinical > Recruitment and Agency > Employee Benefits > Employee Benefits > Employee Benefits,Non-Clinical > Recruitment and Agency > Employee Benefits,32,ruled_mapped,1.0,NC-0020,Non-Clinical > Corporate Services > HR Services > Employee Benefits > Employee Benefits,YES
western_health,WH0099,Non-Clinical > Recruitment and Agency > Recruitment & Temp Staff > Agency Fees > Agency Fees,Non-Clinical > Recruitment and Agency > Recruitment & Temp Staff > Agency Fees,3872,ruled_mapped,1.0,NC-0024,Non-Clinical > Corporate Services > HR Services > Recruitment & Temp Staff > Agency Fees,YES
western_health,WH0100,Non-Clinical > Recruitment and Agency > Recruitment & Temp Staff > Advertising > Advertising,Non-Clinical > Recruitment and Agency > Recruitment & Temp Staff > Advertising,94,ruled_mapped,1.0,NC-0023,Non-Clinical > Corporate Services > HR Services > Recruitment & Temp Staff > Advertising,YES
western_health,WH0101,Non-Clinical > Recruitment and Agency > Recruitment & Temp Staff > Other Contingent Staff > Other Contingent Staff,Non-Clinical > Recruitment and Agency > Recruitment & Temp Staff > Other Contingent Staff,212,ruled_mapped,1.0,NC-0029,Non-Clinical > Corporate Services > HR Services > Recruitment & Temp Staff > Other Contingent Staff,YES
western_health,WH0102,Non-Clinical > Marketing and Advertising > Advertising Services > Media - Banners > Media - Banners,Non-Clinical > Marketing and Advertising > Advertising Services > Media - Banners,424,exact,1.0,NC-0299,Non-Clinical > Marketing and Advertising > Advertising Services > Media - Banners > Media - Banners,
western_health,WH0103,Non-Clinical > Marketing and Advertising > Advertising Services > Media - Signage > Media - Signage,Non-Clinical > Marketing and Advertising > Advertising Services > Media - Signage,1540,exact,1.0,NC-0300,Non-Clinical > Marketing and Advertising > Advertising Services > Media - Signage > Media - Signage,
western_health,WH0104,Non-Clinical > Marketing and Advertising > Advertising Services > Radio TV Cable & Internet > Radio TV Cable & Internet,Non-Clinical > Marketing and Advertising > Advertising Services > Radio TV Cable & Internet,160,exact,1.0,NC-0301,Non-Clinical > Marketing and Advertising > Advertising Services > Radio TV Cable & Internet > Radio TV Cable & Internet,
western_health,WH0105,Non-Clinical > Marketing and Advertising > Marketing > Subscriptions and Publications > Subscriptions and Publications,Non-Clinical > Marketing and Advertising > Marketing > Subscriptions and Publications,0,exact,1.0,NC-0309,Non-Clinical > Marketing and Advertising > Marketing > Subscriptions and Publications > Subscriptions and Publications,
western_health,WH0106,Non-Clinical > Marketing and Advertising > Marketing > Lobbying & Public Relations > Lobbying & Public Relations,Non-Clinical > Marketing and Advertising > Marketing > Lobbying & Public Relations,168,exact,1.0,NC-0304,Non-Clinical > Marketing and Advertising > Marketing > Lobbying & Public Relations > Lobbying & Public Relations,
western_health,WH0107,Non-Clinical > Marketing and Advertising > Marketing > Meetings and Events > Meetings and Events,Non-Clinical > Marketing and Advertising > Marketing > Meetings and Events,1569,exact,1.0,NC-0307,Non-Clinical > Marketing and Advertising > Marketing > Meetings and Events > Meetings and Events,
western_health,WH0108,Non-Clinical > Marketing and Advertising > Marketing > Marketing Agencies > Marketing Agencies,Non-Clinical > Marketing and Advertising > Marketing > Marketing Agencies,435,exact,1.0,NC-0306,Non-Clinical > Marketing and Advertising > Marketing > Marketing Agencies > Marketing Agencies,
western_health,WH0109,Non-Clinical > Marketing and Advertising > Marketing > Promotional Gifts > Promotional Gifts,Non-Clinical > Marketing and Advertising > Marketing > Promotional Gifts,0,exact,1.0,NC-0308,Non-Clinical > Marketing and Advertising > Marketing > Promotional Gifts > Promotional Gifts,
western_health,WH0110,Non-Clinical > Marketing and Advertising > Printing & Direct Mail > Promotional Print > Promotional Print,Non-Clinical > Marketing and Advertising > Printing & Direct Mail > Promotional Print,41,exact,1.0,NC-0312,Non-Clinical > Marketing and Advertising > Printing & Direct Mail > Promotional Print > Promotional Print,
western_health,WH0111,Non-Clinical > Marketing and Advertising > Printing & Direct Mail > Commercial Print > Commercial Print,Non-Clinical > Marketing and Advertising > Printing & Direct Mail > Commercial Print,83,exact,1.0,NC-0310,Non-Clinical > Marketing and Advertising > Printing & Direct Mail > Commercial Print > Commercial Print,
western_health,WH0112,Non-Clinical > Marketing and Advertising > Printing & Direct Mail > Direct Mail > Direct Mail,Non-Clinical > Marketing and Advertising > Printing & Direct Mail > Direct Mail,0,exact,1.0,NC-0311,Non-Clinical > Marketing and Advertising > Printing & Direct Mail > Direct Mail > Direct Mail,
western_health,WH0113,Non-Clinical > Equipment Hire > Portable Buildings > Portable Buildings > Portable Buildings,Non-Clinical > Equipment Hire > Portable Buildings,3,ruled_mapped,1.0,NC-0050,Non-Clinical > Facilities Management > Hard Facilities Management > Equipment Hire > Portable Buildings,YES
western_health,WH0114,Non-Procurement > Supply Costs & Recoveries > Loans > Loans > Loans,Non-Procurement > Supply Costs & Recoveries > Loans,0,ruled_mapped,1.0,NC-0013,Non-Clinical > Corporate Services > Financial Services > Loans > Loans,YES
western_health,WH0115,Non-Procurement > Insurances > Other Insurances > Other Insurances > Other Insurances,Non-Procurement > Insurances > Other Insurances,0,ruled_mapped,1.0,NC-0015,Non-Clinical > Corporate Services > Financial Services > Other Insurances > Other Insurances,YES
western_health,WH0116,Non-Procurement > Re-imbursements > Other > Other > Other,Non-Procurement > Reimbursements > Other,3232,ruled_mapped,1.0,NP-0017,Non-Procurement > Reimbursements > Reimbursements - Other > Reimbursements - Other > Reimbursements - Other,YES
western_health,WH0117,"Non-Procurement > Rates, Taxes and Adjustments > Rates, Taxes and Adjustments > Rates, Taxes and Adjustments > Rates, Taxes and Adjustments","Non-Procurement > Rates, Taxes and Adjustments",357,ruled_mapped,1.0,NC-0017,"Non-Clinical > Corporate Services > Financial Services > Rates, Taxes and Adjustments > Rates, Taxes and Adjustments",YES
western_health,WH0118,Non-Procurement > Government Fees > Government Fees > Government Fees > Government Fees,Non-Procurement > Government Fees,420,ruled_kept,1.0,NP-0005,Non-Procurement > Government Fees > Government Fees > Government Fees > Government Fees,
western_health,WH0119,Non-Procurement > Property Management > Levies and Outgoings > Levies and Outgoings > Levies and Outgoings,Non-Procurement > Property Management > Levies and Outgoings,42,ruled_kept,1.0,NP-0009,Non-Procurement > Property Management > Levies and Outgoings > Levies and Outgoings > Levies and Outgoings,
western_health,WH0120,Non-Procurement > Gifts Grants and Donation > Gifts Grants and Donation > Gifts Grants and Donation > Gifts Grants and Donation,Non-Procurement > Gifts Grants and Donation,221,ruled_mapped,1.0,NC-0021,Non-Clinical > Corporate Services > HR Services > Gifts and Donations > Gifts and Donations,YES
western_health,WH0121,Non-Procurement > Credit Card Expenses > Credit Card Expenses > Credit Card Expenses > Credit Card Expenses,Non-Procurement > Credit Card Expenses,0,ruled_mapped,1.0,NC-0005,Non-Clinical > Corporate Services > Credit Card Expenses > Credit Card Expenses > Credit Card Expenses,YES
western_health,WH0126,Non-Clinical > Facilities Management > Soft Facilities Management > Food and Beverage > Food,Non-Clinical > Facilities Management > Soft Facilities Management > Food and Beverage > Food,24623,dropped_by_ruling,1.0,,,YES
western_health,WH0127,Non-Clinical > Facilities Management > Soft Facilities Management > Food and Beverage > Beverages,Non-Clinical > Facilities Management > Soft Facilities Management > Food and Beverage > Beverages,0,ruled_mapped,1.0,NC-0124,Non-Clinical > Food & Beverages > Beverages > Beverages - Other > Beverages - Other,YES
western_health,WH0128,"Non-Clinical > Maintenance, Repairs and Operations > Maintenance, Repairs and Operations > Maintenance, Repairs and Operations > Maintenance, Repairs and Operations","Non-Clinical > Maintenance, Repairs and Operations",10805,ruled_mapped,1.0,NC-0056,"Non-Clinical > Facilities Management > Hard Facilities Management > Maintenance, Repairs and Operations > Maintenance, Repairs and Operations",YES
western_health,WH0129,Non-Clinical > Corporate Services > Quality and Compliance Fees > Quality and Compliance Fees > Quality and Compliance Fees,Non-Clinical > Corporate Services > Quality and Compliance Fees,0,ruled_kept,1.0,NC-0035,Non-Clinical > Corporate Services > Quality and Compliance Fees > Quality and Compliance Fees > Quality and Compliance Fees,
western_health,WH0130,Non-Clinical > Facilities Management > Soft Facilities Management > Food and Beverage > Food Packaging Supplies,Non-Clinical > Facilities Management > Soft Facilities Management > Food and Beverage > Food Packaging Supplies,4635,ruled_mapped,1.0,NC-0075,Non-Clinical > Facilities Management > Soft Facilities Management > Consumables & Disposables > Food Containers and Utensils,YES
western_health,WH0131,Non-Clinical > Recruitment and Agency > Recruitment & Temp Staff > Doctor / Consultant > Doctor / Consultant,Non-Clinical > Recruitment and Agency > Recruitment & Temp Staff > Doctor / Consultant,2071,ruled_mapped,1.0,NC-0026,Non-Clinical > Corporate Services > HR Services > Recruitment & Temp Staff > Doctor / Consultant,YES
western_health,WH0132,Non-Clinical > ICT > Software > Applications Software > Non Clinical,Non-Clinical > ICT > Software > Applications Software > Non Clinical,248,ruled_mapped,1.0,NC-0279,Non-Clinical > ICT > ICT Software > ICT Software - Other > ICT Software - Other,YES
western_health,WH0133,Non-Clinical > ICT > Software > Applications Software > Clinical,Non-Clinical > ICT > Software > Applications Software > Clinical,803,ruled_mapped,1.0,NC-0279,Non-Clinical > ICT > ICT Software > ICT Software - Other > ICT Software - Other,YES
western_health,WH0134,Non-Clinical > ICT > Software Maintenance & Support > Applications Software - Non Clinical > Applications Software - N.E.C,Non-Clinical > ICT > Software Maintenance & Support > Applications Software - Non Clinical > Applications Software - N.E.C,28,ruled_mapped,1.0,NC-0279,Non-Clinical > ICT > ICT Software > ICT Software - Other > ICT Software - Other,YES
western_health,WH0136,Non-Clinical > Facilities Management > Hard Facilities Management > Building Repairs and Maintenance > Auto Doors,Non-Clinical > Facilities Management > Hard Facilities Management > Building Repairs and Maintenance > Auto Doors,829,exact,1.0,NC-0039,Non-Clinical > Facilities Management > Hard Facilities Management > Building Repairs and Maintenance > Auto Doors,
western_health,WH0137,Non-Clinical > Facilities Management > Hard Facilities Management > Fires Safety and Security > Emergency Lighting Installation and Maintenance,Non-Clinical > Facilities Management > Hard Facilities Management > Fires Safety and Security > Emergency Lighting Installation and Maintenance,0,exact,1.0,NC-0053,Non-Clinical > Facilities Management > Hard Facilities Management > Fire Safety and Security > Emergency Lighting Installation and Maintenance,
western_health,WH0138,Non-Clinical > Facilities Management > Soft Facilities Management > Linen Supply > Linen Supply,Non-Clinical > Facilities Management > Soft Facilities Management > Linen Supply,40,exact,1.0,NC-0085,Non-Clinical > Facilities Management > Soft Facilities Management > Linen Supply > Linen Supply,
western_health,WH0139,Non-Clinical > Resident and Client Services > Direct Care Services > Nursing and Allied Health > Nursing and Allied Health,Non-Clinical > Resident and Client Services > Direct Care Services > Nursing and Allied Health,8170,ruled_mapped,1.0,NP-0008,Non-Procurement > Medical Services Rendered > Nursing and Allied Health > Nursing and Allied Health > Nursing and Allied Health,YES
western_health,WH0140,Non-Procurement > Superannuation > Superannuation > Superannuation > Superannuation,Non-Procurement > Superannuation,0,ruled_mapped,1.0,NC-0032,Non-Clinical > Corporate Services > HR Services > Superannuation > Superannuation,YES
western_health,WH0141,Non-Procurement > Disbursement > Disbursement > Disbursement > Disbursement,Non-Procurement > Disbursement,417,ruled_kept,1.0,NP-0004,Non-Procurement > Disbursement > Disbursement > Disbursement > Disbursement,
western_health,WH0142,Non-Procurement > Medical Services Rendered > Medical Services Rendered > Medical Services Rendered > Medical Services Rendered,Non-Procurement > Medical Services Rendered,242,ruled_mapped,1.0,NP-0007,Non-Procurement > Medical Services Rendered > Medical Services Rendered - Other > Medical Services Rendered - Other > Medical Services Rendered - Other,YES
western_health,WH0143,Non-Clinical > Facilities Management > Soft Facilities Management > Traffic Management > Traffic Management,Non-Clinical > Facilities Management > Soft Facilities Management > Traffic Management,228,exact,1.0,NC-0095,Non-Clinical > Facilities Management > Soft Facilities Management > Traffic Management > Traffic Management,
western_health,WH0144,Non-Clinical > Logistics > Transport > Courier - Specimens > Courier - Specimens,Non-Clinical > Logistics > Transport > Courier - Specimens,0,ruled_mapped,1.0,NC-0002,Non-Clinical > Corporate Services > Courier and Postal Services > Courier - Specimens > Courier - Specimens,YES
western_health,WH1084,Non-Clinical > Facilities Management > Soft Facilities Management > Contracted FM Services > Contracted FM Services,Non-Clinical > Facilities Management > Soft Facilities Management > Contracted FM Services,128,exact,1.0,NC-0077,Non-Clinical > Facilities Management > Soft Facilities Management > Contracted FM Services > Contracted FM Services,
western_health,WH1109,Non-Clinical > Facilities Management > Soft Facilities Management > Service Industry Equipment Supplies > Vending machines,Non-Clinical > Facilities Management > Soft Facilities Management > Service Industry Equipment Supplies > Vending machines,0,exact,1.0,NC-0092,Non-Clinical > Facilities Management > Soft Facilities Management > Service Industry Equipment Supplies > Vending machines,
western_health,WH1110,Non-Procurement > Re-imbursements and Recoveries > Patient Recovery > Patient Recovery > Patient Recovery,Non-Procurement > Re-imbursements and Recoveries > Patient Recovery,0,ruled_mapped,1.0,NP-0016,Non-Procurement > Reimbursements > Patient Recovery > Patient Recovery > Patient Recovery,YES
western_health,WH1111,Non-Clinical > Equipment Hire > Heavy Machinery > Heavy Machinery > Heavy Machinery,Non-Clinical > Equipment Hire > Heavy Machinery,0,ruled_mapped,1.0,NC-0048,Non-Clinical > Facilities Management > Hard Facilities Management > Equipment Hire > Heavy Machinery,YES
western_health,WH1112,Non-Clinical > Equipment Hire > Light Machinery > Light Machinery > Light Machinery,Non-Clinical > Equipment Hire > Light Machinery,48,ruled_mapped,1.0,NC-0049,Non-Clinical > Facilities Management > Hard Facilities Management > Equipment Hire > Light Machinery,YES
western_health,WH1113,Non-Clinical > Facilities Management > Hard Facilities Management > Building Repairs and Maintenance > Lifts and Escalators,Non-Clinical > Facilities Management > Hard Facilities Management > Building Repairs and Maintenance > Lifts and Escalators,4,exact,1.0,NC-0045,Non-Clinical > Facilities Management > Hard Facilities Management > Building Repairs and Maintenance > Lifts and Escalators,
western_health,WH1114,Non-Clinical > Facilities Management > Soft Facilities Management > Chemical Sterilisation Services > Chemical Sterilisation Services,Non-Clinical > Facilities Management > Soft Facilities Management > Chemical Sterilisation Services,0,exact,1.0,NC-0068,Non-Clinical > Facilities Management > Soft Facilities Management > Chemical Sterilisation Services > Chemical Sterilisation Services,
western_health,WH1115,Non-Clinical > Facilities Management > Soft Facilities Management > Cleaning Equipment & Supplies > Industrial laundry and dry cleaning equipment,Non-Clinical > Facilities Management > Soft Facilities Management > Cleaning Equipment & Supplies > Industrial laundry and dry cleaning equipment,0,exact,1.0,NC-0070,Non-Clinical > Facilities Management > Soft Facilities Management > Cleaning Equipment & Supplies > Industrial laundry and dry cleaning equipment,
western_health,WH1116,Non-Clinical > Facilities Management > Soft Facilities Management > Equipment Maintenance & Testing > Industrial Laundry and Dry Cleaning Equipment Maintenance,Non-Clinical > Facilities Management > Soft Facilities Management > Equipment Maintenance & Testing > Industrial Laundry and Dry Cleaning Equipment Maintenance,22,exact,1.0,NC-0079,Non-Clinical > Facilities Management > Soft Facilities Management > Equipment Maintenance & Testing > Industrial Laundry and Dry Cleaning Equipment Maintenance,
western_health,WH1117,Non-Clinical > Facilities Management > Soft Facilities Management > Equipment Maintenance & Testing > Mandatory Safety Testing,Non-Clinical > Facilities Management > Soft Facilities Management > Equipment Maintenance & Testing > Mandatory Safety Testing,291,exact,1.0,NC-0080,Non-Clinical > Facilities Management > Soft Facilities Management > Equipment Maintenance & Testing > Mandatory Safety Testing,
western_health,WH1118,Non-Clinical > Facilities Management > Soft Facilities Management > Records Management > Records Management,Non-Clinical > Facilities Management > Soft Facilities Management > Records Management,5,ruled_mapped,1.0,NC-0036,Non-Clinical > Corporate Services > Records Management > Document Storage > Document Storage,YES
western_health,WH1119,Non-Clinical > Fleet and Vehicles > Corporate Fleet Vehicles > Heavy Vehicles > Heavy Vehicles,Non-Clinical > Fleet and Vehicles > Corporate Fleet Vehicles > Heavy Vehicles,0,exact,1.0,NC-0098,Non-Clinical > Fleet and Vehicles > Fleet Management > Heavy Vehicles > Heavy Vehicles,
western_health,WH1120,Non-Clinical > Fleet and Vehicles > Corporate Fleet Vehicles > Specialized Vehicles > Specialized Vehicles,Non-Clinical > Fleet and Vehicles > Corporate Fleet Vehicles > Specialized Vehicles,0,exact,1.0,NC-0099,Non-Clinical > Fleet and Vehicles > Fleet Management > Specialised Vehicles > Specialised Vehicles,
western_health,WH1121,Non-Clinical > Fleet and Vehicles > Vehicle Insurance > Vehicle Insurance > Vehicle Insurance,Non-Clinical > Fleet and Vehicles > Vehicle Insurance,0,ruled_mapped,1.0,NC-0103,Non-Clinical > Fleet and Vehicles > Fleet Operating Costs > Vehicle Insurance > Vehicle Insurance,YES
western_health,WH1122,Non-Clinical > Fleet and Vehicles > Vehicle Registration > Vehicle Registration > Vehicle Registration,Non-Clinical > Fleet and Vehicles > Vehicle Registration,6,ruled_mapped,1.0,NC-0104,Non-Clinical > Fleet and Vehicles > Fleet Operating Costs > Vehicle Registration > Vehicle Registration,YES
western_health,WH1123,Non-Clinical > Facilities Management > Soft Facilities Management > Food and Beverage > Beverages,Non-Clinical > Facilities Management > Soft Facilities Management > Food and Beverage > Beverages,6135,ruled_mapped,1.0,NC-0124,Non-Clinical > Food & Beverages > Beverages > Beverages - Other > Beverages - Other,YES
western_health,WH1124,Non-Clinical > Facilities Management > Soft Facilities Management > Food and Beverage > Beverages,Non-Clinical > Facilities Management > Soft Facilities Management > Food and Beverage > Beverages,0,ruled_mapped,1.0,NC-0124,Non-Clinical > Food & Beverages > Beverages > Beverages - Other > Beverages - Other,YES
western_health,WH1125,Non-Clinical > Facilities Management > Soft Facilities Management > Food and Beverage > Food,Non-Clinical > Facilities Management > Soft Facilities Management > Food and Beverage > Food,0,dropped_by_ruling,1.0,,,YES
western_health,WH1126,Non-Clinical > Facilities Management > Soft Facilities Management > Food and Beverage > Food,Non-Clinical > Facilities Management > Soft Facilities Management > Food and Beverage > Food,0,dropped_by_ruling,1.0,,,YES
western_health,WH1127,Non-Clinical > Facilities Management > Soft Facilities Management > Food and Beverage > Food,Non-Clinical > Facilities Management > Soft Facilities Management > Food and Beverage > Food,0,dropped_by_ruling,1.0,,,YES
western_health,WH1128,Non-Clinical > Facilities Management > Soft Facilities Management > Food and Beverage > Food,Non-Clinical > Facilities Management > Soft Facilities Management > Food and Beverage > Food,0,dropped_by_ruling,1.0,,,YES
western_health,WH1129,Non-Clinical > Facilities Management > Soft Facilities Management > Food and Beverage > Food,Non-Clinical > Facilities Management > Soft Facilities Management > Food and Beverage > Food,0,dropped_by_ruling,1.0,,,YES
western_health,WH1130,Non-Clinical > Facilities Management > Soft Facilities Management > Food and Beverage > Food,Non-Clinical > Facilities Management > Soft Facilities Management > Food and Beverage > Food,0,dropped_by_ruling,1.0,,,YES
western_health,WH1131,Non-Clinical > Facilities Management > Soft Facilities Management > Food and Beverage > Food,Non-Clinical > Facilities Management > Soft Facilities Management > Food and Beverage > Food,0,dropped_by_ruling,1.0,,,YES
western_health,WH1132,Non-Clinical > Facilities Management > Soft Facilities Management > Food and Beverage > Food,Non-Clinical > Facilities Management > Soft Facilities Management > Food and Beverage > Food,0,dropped_by_ruling,1.0,,,YES
western_health,WH1133,Non-Clinical > Facilities Management > Soft Facilities Management > Food and Beverage > Food,Non-Clinical > Facilities Management > Soft Facilities Management > Food and Beverage > Food,0,dropped_by_ruling,1.0,,,YES
western_health,WH1134,Non-Clinical > Facilities Management > Soft Facilities Management > Food and Beverage > Food,Non-Clinical > Facilities Management > Soft Facilities Management > Food and Beverage > Food,0,dropped_by_ruling,1.0,,,YES
western_health,WH1135,Non-Clinical > Facilities Management > Soft Facilities Management > Food and Beverage > Food,Non-Clinical > Facilities Management > Soft Facilities Management > Food and Beverage > Food,0,dropped_by_ruling,1.0,,,YES
western_health,WH1136,Non-Clinical > Facilities Management > Soft Facilities Management > Food and Beverage > Food,Non-Clinical > Facilities Management > Soft Facilities Management > Food and Beverage > Food,0,dropped_by_ruling,1.0,,,YES
western_health,WH1137,Non-Clinical > Facilities Management > Soft Facilities Management > Food and Beverage > Food,Non-Clinical > Facilities Management > Soft Facilities Management > Food and Beverage > Food,0,dropped_by_ruling,1.0,,,YES
western_health,WH1138,Non-Clinical > Facilities Management > Soft Facilities Management > Food and Beverage > Food,Non-Clinical > Facilities Management > Soft Facilities Management > Food and Beverage > Food,0,dropped_by_ruling,1.0,,,YES
western_health,WH1139,Non-Clinical > Facilities Management > Soft Facilities Management > Food and Beverage > Food,Non-Clinical > Facilities Management > Soft Facilities Management > Food and Beverage > Food,0,dropped_by_ruling,1.0,,,YES
western_health,WH1140,Non-Clinical > Facilities Management > Soft Facilities Management > Food and Beverage > Food,Non-Clinical > Facilities Management > Soft Facilities Management > Food and Beverage > Food,0,dropped_by_ruling,1.0,,,YES
western_health,WH1141,Non-Clinical > Facilities Management > Soft Facilities Management > Food and Beverage > Food,Non-Clinical > Facilities Management > Soft Facilities Management > Food and Beverage > Food,0,dropped_by_ruling,1.0,,,YES
western_health,WH1142,Non-Clinical > Facilities Management > Soft Facilities Management > Food and Beverage > Food,Non-Clinical > Facilities Management > Soft Facilities Management > Food and Beverage > Food,0,dropped_by_ruling,1.0,,,YES
western_health,WH1143,Non-Clinical > Facilities Management > Soft Facilities Management > Food and Beverage > Food,Non-Clinical > Facilities Management > Soft Facilities Management > Food and Beverage > Food,0,dropped_by_ruling,1.0,,,YES
western_health,WH1144,Non-Clinical > Facilities Management > Soft Facilities Management > Food and Beverage > Food,Non-Clinical > Facilities Management > Soft Facilities Management > Food and Beverage > Food,0,dropped_by_ruling,1.0,,,YES
western_health,WH1145,Non-Clinical > Facilities Management > Soft Facilities Management > Food and Beverage > Food,Non-Clinical > Facilities Management > Soft Facilities Management > Food and Beverage > Food,0,dropped_by_ruling,1.0,,,YES
western_health,WH1146,Non-Clinical > ICT > Hardware Maintenance & Support > Hardware Maintenance and testing > Power Supply,Non-Clinical > ICT > Hardware Maintenance & Support > Hardware Maintenance and testing > Power Supply,25,ruled_mapped,1.0,NC-0266,Non-Clinical > ICT > ICT Hardware > Hardware Maintenance & Support > Hardware Maintenance & Support,YES
western_health,WH1147,Non-Clinical > ICT > Hardware Maintenance & Support > Hardware Maintenance and testing > Servers,Non-Clinical > ICT > Hardware Maintenance & Support > Hardware Maintenance and testing > Servers,0,ruled_mapped,1.0,NC-0266,Non-Clinical > ICT > ICT Hardware > Hardware Maintenance & Support > Hardware Maintenance & Support,YES
western_health,WH1148,Non-Clinical > ICT > Hardware Maintenance & Support > Hardware Maintenance and testing > Storage,Non-Clinical > ICT > Hardware Maintenance & Support > Hardware Maintenance and testing > Storage,0,ruled_mapped,1.0,NC-0266,Non-Clinical > ICT > ICT Hardware > Hardware Maintenance & Support > Hardware Maintenance & Support,YES
western_health,WH1149,Non-Clinical > ICT > Technical Services > Operational Services > Operational Services,Non-Clinical > ICT > Technical Services > Operational Services,3803,ruled_mapped,1.0,NC-0274,Non-Clinical > ICT > ICT Professional Services > Technical Support & Helpdesk > Technical Support & Helpdesk,YES
western_health,WH1150,Non-Clinical > ICT > Technical Services > Project Services > Project Services,Non-Clinical > ICT > Technical Services > Project Services,0,ruled_mapped,1.0,NC-0273,Non-Clinical > ICT > ICT Professional Services > IT Consulting & Strategy > IT Consulting & Strategy,YES
western_health,WH1151,Non-Clinical > ICT > Telecommunications > Mail Room Services > Mail Room Services,Non-Clinical > ICT > Telecommunications > Mail Room Services,563,ruled_mapped,1.0,NC-0034,Non-Clinical > Corporate Services > Outsourced Admin Service > Mail Room Services > Mail Room Services,YES
western_health,WH1152,Non-Clinical > ICT > Telecommunications > Bulk SMS services > Bulk SMS services,Non-Clinical > ICT > Telecommunications > Bulk SMS services,56,ruled_mapped,1.0,NC-0285,Non-Clinical > ICT > Telecommunications > Mobile Network Services > Mobile Network Services,YES
western_health,WH1153,Non-Clinical > Marketing and Advertising > Advertising Services > Magazine Newspaper > Magazine Newspaper,Non-Clinical > Marketing and Advertising > Advertising Services > Magazine Newspaper,0,exact,1.0,NC-0298,Non-Clinical > Marketing and Advertising > Advertising Services > Magazine Newspaper > Magazine Newspaper,
western_health,WH1154,Non-Clinical > Marketing and Advertising > Marketing > Events Celebrity Sponsorships > Events Celebrity Sponsorships,Non-Clinical > Marketing and Advertising > Marketing > Events Celebrity Sponsorships,469,exact,1.0,NC-0303,Non-Clinical > Marketing and Advertising > Marketing > Events Celebrity Sponsorships > Events Celebrity Sponsorships,
western_health,WH1155,Non-Clinical > Professional Services > Advisory Services > Marketing Consulting > Marketing Consulting,Non-Clinical > Professional Services > Advisory Services > Marketing Consulting,393,exact,1.0,NC-0319,Non-Clinical > Professional Services > Advisory Services > Marketing Consulting > Marketing Consulting,
western_health,WH1156,Non-Clinical > Professional Services > Advisory Services > Security Consulting > Security Consulting,Non-Clinical > Professional Services > Advisory Services > Security Consulting,0,exact,1.0,NC-0321,Non-Clinical > Professional Services > Advisory Services > Security Consulting > Security Consulting,
western_health,WH1157,Non-Clinical > Corporate Services > Financial Services > Bank Charges > Bank Charges,Non-Clinical > Corporate Services > Financial Services > Bank Charges,0,exact,1.0,NC-0006,Non-Clinical > Corporate Services > Financial Services > Bank Charges > Bank Charges,
western_health,WH1158,Non-Clinical > Corporate Services > Financial Services > Cash Management Services > Cash Management Services,Non-Clinical > Corporate Services > Financial Services > Cash Management Services,0,exact,1.0,NC-0007,Non-Clinical > Corporate Services > Financial Services > Cash Management Services > Cash Management Services,
western_health,WH1159,Non-Clinical > Professional Services > Technical Professional Services > Copyright Services > Copyright Services,Non-Clinical > Professional Services > Technical Professional Services > Copyright Services,0,exact,1.0,NC-0327,Non-Clinical > Professional Services > Technical Professional Services > Copyright Services > Copyright Services,
western_health,WH1160,Non-Procurement > Commission / Rebate > Commission / Rebate > Commission / Rebate > Commission / Rebate,Non-Procurement > Commission / Rebate,0,ruled_kept,1.0,NP-0001,Non-Procurement > Commission / Rebate > Commission / Rebate > Commission / Rebate > Commission / Rebate,
western_health,WH1161,Non-Procurement > Depreciation & Amortisation > Amortisation > Amortisation > Amortisation,Non-Procurement > Depreciation & Amortisation > Amortisation,0,ruled_kept,1.0,NP-0002,Non-Procurement > Depreciation & Amortisation > Amortisation > Amortisation > Amortisation,
western_health,WH1162,Non-Procurement > Depreciation & Amortisation > Depreciation > Depreciation > Depreciation,Non-Procurement > Depreciation & Amortisation > Depreciation,0,ruled_kept,1.0,NP-0003,Non-Procurement > Depreciation & Amortisation > Depreciation > Depreciation > Depreciation,
western_health,WH1163,Non-Procurement > Insurances > Medical Liability > Medical Liability > Medical Liability,Non-Procurement > Insurances > Medical Liability,0,ruled_mapped,1.0,NC-0014,Non-Clinical > Corporate Services > Financial Services > Medical Liability > Medical Liability,YES
western_health,WH1164,Non-Procurement > Insurances > Workers Compensations > Workers Compensations > Workers Compensations,Non-Procurement > Insurances > Workers Compensations,85,ruled_mapped,1.0,NC-0018,Non-Clinical > Corporate Services > Financial Services > Workers Compensation Insurance > Workers Compensation Insurance,YES
western_health,WH1165,Non-Procurement > Re-imbursements > HR / Finance > HR / Finance > HR / Finance,Non-Procurement > Reimbursements > HR / Finance,0,ruled_kept,1.0,NP-0014,Non-Procurement > Reimbursements > HR / Finance > HR / Finance > HR / Finance,
western_health,WH1166,Non-Procurement > Re-imbursements > Information Systems > Information Systems > Information Systems,Non-Procurement > Reimbursements > Information Systems,0,ruled_kept,1.0,NP-0015,Non-Procurement > Reimbursements > Information Systems > Information Systems > Information Systems,
western_health,WH1167,Non-Procurement > Supply Costs & Recoveries > Price Variances > Price Variances > Price Variances,Non-Procurement > Supply Costs & Recoveries > Price Variances,0,ruled_mapped,1.0,NC-0016,Non-Clinical > Corporate Services > Financial Services > Price Variances > Price Variances,YES
western_health,WH1168,Non-Clinical > ICT > Telecommunications > Telecommunication Devices and Accessories > Telecommunication Devices and Accessories,Non-Clinical > ICT > Telecommunications > Telecommunication Devices and Accessories,0,ruled_mapped,1.0,NC-0286,Non-Clinical > ICT > Telecommunications > Telecom Hardware & Infrastructure > Telecom Hardware & Infrastructure,YES
western_health,WH1170,Non-Clinical > Facilities Management > Soft Facilities Management > Cleaning Equipment & Supplies > Hand Cleaner,Non-Clinical > Facilities Management > Soft Facilities Management > Cleaning Equipment & Supplies > Hand Cleaner,0,exact,1.0,NC-0071,Non-Clinical > Facilities Management > Soft Facilities Management > Cleaning Equipment & Supplies > Sanitisers,
western_health,WH1171,Non-Clinical > Facilities Management > Soft Facilities Management > Service Industry Equipment Supplies > Food services equipment,Non-Clinical > Facilities Management > Soft Facilities Management > Service Industry Equipment Supplies > Food services equipment,0,exact,1.0,NC-0091,Non-Clinical > Facilities Management > Soft Facilities Management > Service Industry Equipment Supplies > Food services equipment,
western_health,WH1208,Non-Clinical > Facilities Management > Soft Facilities Management > Cleaning Equipment & Supplies > Hand Cleaner,Non-Clinical > Facilities Management > Soft Facilities Management > Cleaning Equipment & Supplies > Hand Cleaner,114,exact,1.0,NC-0071,Non-Clinical > Facilities Management > Soft Facilities Management > Cleaning Equipment & Supplies > Sanitisers,
western_health,WH1210,Non-Clinical > Facilities Management > Soft Facilities Management > Cleaning Equipment & Supplies > Cleaning and janitorial supplies,Non-Clinical > Facilities Management > Soft Facilities Management > Cleaning Equipment & Supplies > Cleaning and janitorial supplies,71655,exact,1.0,NC-0069,Non-Clinical > Facilities Management > Soft Facilities Management > Cleaning Equipment & Supplies > Cleaning and janitorial supplies,
western_health,WH1235,Non-Clinical > Facilities Management > Soft Facilities Management > Adminsitration > Receiption Services,Non-Clinical > Facilities Management > Soft Facilities Management > Adminsitration > Receiption Services,0,exact,1.0,NC-0062,Non-Clinical > Facilities Management > Soft Facilities Management > Administration > Reception Services,
western_health,WH1236,"Non-Clinical > ICT > Hardware > IT Network Hardware > Pheripherals, cables, joiners, splitters, etc","Non-Clinical > ICT > Hardware > IT Network Hardware > Pheripherals, cables, joiners, splitters, etc",32,ruled_mapped,1.0,NC-0269,Non-Clinical > ICT > ICT Hardware > Network Infrastructure > Network Infrastructure,YES
western_health,WH1237,Non-Clinical > ICT > Software > Applications Software - Non Clinical > Applications Software - Server,Non-Clinical > ICT > Software > Applications Software - Non Clinical > Applications Software - Server,0,ruled_mapped,1.0,NC-0279,Non-Clinical > ICT > ICT Software > ICT Software - Other > ICT Software - Other,YES
western_health,WH1238,Non-Clinical > ICT > Software > Applications Software - Non Clinical > Applications Software - Network,Non-Clinical > ICT > Software > Applications Software - Non Clinical > Applications Software - Network,64,ruled_mapped,1.0,NC-0279,Non-Clinical > ICT > ICT Software > ICT Software - Other > ICT Software - Other,YES
western_health,WH1239,Non-Clinical > ICT > Software > Applications Software - Non Clinical > Applications Software - Communications,Non-Clinical > ICT > Software > Applications Software - Non Clinical > Applications Software - Communications,1,ruled_mapped,1.0,NC-0279,Non-Clinical > ICT > ICT Software > ICT Software - Other > ICT Software - Other,YES
western_health,WH1240,Non-Clinical > ICT > Software > Applications Software - Non Clinical > Applications Software - Storage &Data Centre,Non-Clinical > ICT > Software > Applications Software - Non Clinical > Applications Software - Storage &Data Centre,1,ruled_mapped,1.0,NC-0267,Non-Clinical > ICT > ICT Hardware > ICT Hardware - Other > ICT Hardware - Other,YES
western_health,WH1241,Non-Clinical > ICT > Platform > Cloud > Whole of business -SaaS,Non-Clinical > ICT > Platform > Cloud > Whole of business -SaaS,328,ruled_mapped,1.0,NC-0276,Non-Clinical > ICT > ICT Software > Cloud Services (IaaS/PaaS/SaaS) > Cloud Services (IaaS/PaaS/SaaS),YES
western_health,WH1242,Non-Clinical > ICT > Platform > Data Centre > Whole of business - on premise,Non-Clinical > ICT > Platform > Data Centre > Whole of business - on premise,0,ruled_mapped,1.0,NC-0267,Non-Clinical > ICT > ICT Hardware > ICT Hardware - Other > ICT Hardware - Other,YES
western_health,WH1243,Non-Clinical > ICT > Software Maintenance & Support > Applications Software - Non Clinical > Applications Software - Server,Non-Clinical > ICT > Software Maintenance & Support > Applications Software - Non Clinical > Applications Software - Server,0,ruled_mapped,1.0,NC-0279,Non-Clinical > ICT > ICT Software > ICT Software - Other > ICT Software - Other,YES
western_health,WH1244,Non-Clinical > ICT > Software Maintenance & Support > Applications Software - Non Clinical > Applications Software - Communications,Non-Clinical > ICT > Software Maintenance & Support > Applications Software - Non Clinical > Applications Software - Communications,0,ruled_mapped,1.0,NC-0279,Non-Clinical > ICT > ICT Software > ICT Software - Other > ICT Software - Other,YES
western_health,WH1245,Non-Clinical > ICT > Software Maintenance & Support > Applications Software - Non Clinical > Applications Software - Storage &Data Centre,Non-Clinical > ICT > Software Maintenance & Support > Applications Software - Non Clinical > Applications Software - Storage &Data Centre,0,ruled_mapped,1.0,NC-0279,Non-Clinical > ICT > ICT Software > ICT Software - Other > ICT Software - Other,YES
western_health,WH1246,Non-Clinical > ICT > Software Maintenance & Support > Applications Software - Non Clinical > Applications Software - Network,Non-Clinical > ICT > Software Maintenance & Support > Applications Software - Non Clinical > Applications Software - Network,0,ruled_mapped,1.0,NC-0279,Non-Clinical > ICT > ICT Software > ICT Software - Other > ICT Software - Other,YES
western_health,WH1247,Non-Clinical > ICT > Telecommunications > Fixed Line voice / Call centre > Fixed Line voice / Call centre,Non-Clinical > ICT > Telecommunications > Fixed Line voice / Call centre,201,ruled_mapped,1.0,NC-0283,Non-Clinical > ICT > Telecommunications > Fixed Line & VoIP Services > Fixed Line & VoIP Services,YES
western_health,WH1248,Non-Clinical > ICT > Telecommunications > Managed Services > Vendor Managed services,Non-Clinical > ICT > Telecommunications > Managed Services > Vendor Managed services,0,ruled_mapped,1.0,NC-0285,Non-Clinical > ICT > Telecommunications > Mobile Network Services > Mobile Network Services,YES
western_health,WH1252,Non-Clinical > Recruitment and Agency > Recruitment & Temp Staff > ICT Contingent Staff > ICT Contingent Staff,Non-Clinical > Recruitment and Agency > Recruitment & Temp Staff > ICT Contingent Staff,0,ruled_mapped,1.0,NC-0027,Non-Clinical > Corporate Services > HR Services > Recruitment & Temp Staff > ICT Contingent Staff,YES
western_health,WH1442,Non-Clinical > Recruitment and Agency > Recruitment & Temp Staff > Nursing Staff > Nursing Staff,Non-Clinical > Recruitment and Agency > Recruitment & Temp Staff > Nursing Staff,11390,ruled_mapped,1.0,NC-0028,Non-Clinical > Corporate Services > HR Services > Recruitment & Temp Staff > Nursing Staff,YES
western_health,WH1448,Non-Clinical > Facilities Management > Soft Facilities Management > Service Industry Equipment Supplies > Food services equipment,Non-Clinical > Facilities Management > Soft Facilities Management > Service Industry Equipment Supplies > Food services equipment,0,exact,1.0,NC-0091,Non-Clinical > Facilities Management > Soft Facilities Management > Service Industry Equipment Supplies > Food services equipment,
western_health,WH1492,Non-Clinical > Recruitment and Agency > Recruitment & Temp Staff > Contract Labour > Contract Labour,Non-Clinical > Recruitment and Agency > Recruitment & Temp Staff > Contract Labour,5165,ruled_mapped,1.0,NC-0025,Non-Clinical > Corporate Services > HR Services > Recruitment & Temp Staff > Contract Labour,YES
western_health,WH1493,Non-Clinical > Corporate Services > Outsourced Admin Service > Invoice Processing > Invoice Processing,Non-Clinical > Corporate Services > Outsourced Admin Service > Invoice Processing,0,exact,1.0,NC-0033,Non-Clinical > Corporate Services > Outsourced Admin Service > Invoice Processing > Invoice Processing,
western_health,WH1494,Non-Clinical > Professional Services > Advisory Services > Procurement Consulting > Procurement Consulting,Non-Clinical > Professional Services > Advisory Services > Procurement Consulting,358,exact,1.0,NC-0320,Non-Clinical > Professional Services > Advisory Services > Procurement Consulting > Procurement Consulting,
western_health,WH1503,Non-Clinical > Facilities Management > Soft Facilities Management > Artwork > Artwork,Non-Clinical > Facilities Management > Soft Facilities Management > Artwork,0,ruled_mapped,1.0,NC-0082,"Non-Clinical > Facilities Management > Soft Facilities Management > Furniture, fittings and equipment > Furniture, fittings and equipment",YES
western_health,WH1504,Non-Clinical > Safety Equipment and PPE > NonPPE Safety Goods and Equipment > NonPPE Safety Goods and Equipment > NonPPE Safety Goods and Equipment,Non-Clinical > Safety Equipment and PPE > NonPPE Safety Goods and Equipment,603,ruled_kept,1.0,NC-0332,Non-Clinical > Safety Equipment and PPE > NonPPE Safety Goods and Equipment > NonPPE Safety Goods and Equipment > NonPPE Safety Goods and Equipment,
western_health,WH1505,Non-Clinical > Safety Equipment and PPE > Other > Other PPE > Other PPE,Non-Clinical > Safety Equipment and PPE > Other > Other PPE,0,ruled_mapped,1.0,NC-0332,Non-Clinical > Safety Equipment and PPE > NonPPE Safety Goods and Equipment > NonPPE Safety Goods and Equipment > NonPPE Safety Goods and Equipment,YES
western_health,WH1506,Non-Clinical > ICT > Hardware > Nurse Call Systems > Nurse Call Systems,Non-Clinical > ICT > Hardware > Nurse Call Systems,3,ruled_mapped,1.0,NC-0267,Non-Clinical > ICT > ICT Hardware > ICT Hardware - Other > ICT Hardware - Other,YES
western_health,WH1507,Non-Clinical > ICT > Hardware > Hardware End User Computing devices leased > Hardware End User Computing devices leased,Non-Clinical > ICT > Hardware > Hardware End User Computing devices leased,201,ruled_mapped,1.0,NC-0265,Non-Clinical > ICT > ICT Hardware > Hardware Leasing & Financing > Hardware Leasing & Financing,YES
western_health,WH1508,Non-Clinical > Corporate Services > Subscriptions and Memberships > Subscriptions and Memberships > Subscriptions and Memberships,Non-Clinical > Corporate Services > Subscriptions and Memberships,1309,ruled_kept,1.0,NC-0038,Non-Clinical > Corporate Services > Subscriptions and Memberships > Subscriptions and Memberships > Subscriptions and Memberships,
western_health,WH1515,Non-Clinical > HR Services > Staff Training and Development > Staff Training and Development > Staff Training and Development,Non-Clinical > HR Services > Staff Training and Development,2706,ruled_mapped,1.0,NC-0031,Non-Clinical > Corporate Services > HR Services > Staff Training and Development > Staff Training and Development,YES
western_health,WH1518,Non-Clinical > Fleet and Vehicles > Fuels & Oil > Petrol and Diesel > Petrol and Diesel,Non-Clinical > Fleet and Vehicles > Fuels & Oil > Petrol and Diesel,7272,exact,1.0,NC-0102,Non-Clinical > Fleet and Vehicles > Fleet Operating Costs > Petrol and Diesel > Petrol and Diesel,
western_health,WH1519,Non-Procurement > NonProcurement > Reimbursements > Doctor Payments > Doctor Payments,Non-Procurement > Reimbursements > Doctor Payments,29156,ruled_kept,1.0,NP-0013,Non-Procurement > Reimbursements > Doctor Payments > Doctor Payments > Doctor Payments,
western_health,WH1523,Non-Clinical > Patient Aid Equipment and Accessories and Supplies > General Patient Aids > General Patient Aids > General Patient Aids,Non-Clinical > Patient Aid Equipment and Accessories and Supplies > General Patient Aids,18580,ruled_mapped,1.0,NC-0331,Non-Clinical > Resident and Client Services > Patient Aids and Equipment > Patient Aids and Equipment > Patient Aids and Equipment,YES
western_health,WH1583,Non-Clinical > Capital Equipment Supplies or Services > Other > Other > Other,Non-Clinical > Capital Equipment Supplies or Services > Other,1144,ruled_mapped,1.0,NC-0001,Non-Clinical > Construction > Major Capital Projects > Building Construction Services > Building Construction Services,YES
western_health,WH1586,Non-Clinical > Professional Services > Other > Other > Other,Non-Clinical > Professional Services > Other,4836,dropped_by_ruling,1.0,,,YES
western_health,WH1587,Non-Clinical > General Admin Supplies > Other > Other > Other,Non-Clinical > General Admin Supplies > Other,26434,ruled_mapped,1.0,NC-0349,Non-Clinical > Corporate Services > General Admin Supplies > Stationery & Printing > Stationery & Printing,YES
western_health,WH1588,Non-Clinical > Facilities Management > Soft Facilities Management > Other > Other,Non-Clinical > Facilities Management > Soft Facilities Management > Other,0,ruled_mapped,1.0,NC-0093,Non-Clinical > Facilities Management > Soft Facilities Management > Soft Facilities Management - Other > Soft Facilities Management - Other,YES
western_health,WH1590,Non-Clinical > Facilities Management > Soft Facilities Management > Other > Other,Non-Clinical > Facilities Management > Soft Facilities Management > Other,1307,ruled_mapped,1.0,NC-0093,Non-Clinical > Facilities Management > Soft Facilities Management > Soft Facilities Management - Other > Soft Facilities Management - Other,YES
western_health,WH1592,Non-Clinical > Corporate Services > Financial Services > Other > Other,Non-Clinical > Corporate Services > Financial Services > Other,161,ruled_mapped,1.0,NC-0010,Non-Clinical > Corporate Services > Financial Services > Financial Services General > Financial Services General,YES
western_health,WH1593,Non-Clinical > Marketing and Advertising > Marketing > Other > Other,Non-Clinical > Marketing and Advertising > Marketing > Other,15,ruled_mapped,1.0,NC-0305,Non-Clinical > Marketing and Advertising > Marketing > Marketing - Other > Marketing - Other,YES
western_health,WH1594,Non-Clinical > Recruitment and Agency > Recruitment & Temp Staff > Other > Other,Non-Clinical > Recruitment and Agency > Recruitment & Temp Staff > Other,33,ruled_mapped,1.0,NC-0030,Non-Clinical > Corporate Services > HR Services > Recruitment & Temp Staff > Recruitment & Temp Staff - Other,YES
western_health,WH1595,Non-Clinical > Facilities Management > Hard Facilities Management > Other > Other,Non-Clinical > Facilities Management > Hard Facilities Management > Other,1,ruled_mapped,1.0,NC-0056,"Non-Clinical > Facilities Management > Hard Facilities Management > Maintenance, Repairs and Operations > Maintenance, Repairs and Operations",YES
western_health,WH1597,Non-Clinical > ICT > Software > Other > Other,Non-Clinical > ICT > Software > Other,3,ruled_mapped,1.0,NC-0279,Non-Clinical > ICT > ICT Software > ICT Software - Other > ICT Software - Other,YES
western_health,WH1598,Non-Clinical > General Admin Supplies > Other > Other > Other,Non-Clinical > General Admin Supplies > Other,0,ruled_mapped,1.0,NC-0349,Non-Clinical > Corporate Services > General Admin Supplies > Stationery & Printing > Stationery & Printing,YES
western_health,WH1599,"Non-Clinical > Maintenance, Repairs and Operations > Maintenance, Repairs and Operations > Other > Other","Non-Clinical > Maintenance, Repairs and Operations > Other",103,ruled_mapped,1.0,NC-0056,"Non-Clinical > Facilities Management > Hard Facilities Management > Maintenance, Repairs and Operations > Maintenance, Repairs and Operations",YES
sydney_adventist,DBO].[CBORD-0002,Non-Clinical > Food & Beverages > Bakery > Baked Pastry,Non-Clinical > Food & Beverages > Bakery > Baked Pastry,9101,exact,1.0,NC-0107,Non-Clinical > Food & Beverages > Bakery > Baked Pastry > Baked Pastry,
sydney_adventist,DBO].[CBORD-0001,Non-Clinical > Food & Beverages > Bakery,Non-Clinical > Food & Beverages > Bakery,3019,ruled_mapped,1.0,NC-0108,Non-Clinical > Food & Beverages > Bakery > Bakery - Other > Bakery - Other,YES
sydney_adventist,DBO].[CBORD-0003,Non-Clinical > Food & Beverages > Bakery > Biscuit,Non-Clinical > Food & Beverages > Bakery > Biscuit,972,exact,1.0,NC-0109,Non-Clinical > Food & Beverages > Bakery > Biscuit > Biscuit,
sydney_adventist,DBO].[CBORD-0004,Non-Clinical > Food & Beverages > Bakery > Bread,Non-Clinical > Food & Beverages > Bakery > Bread,3202,exact,1.0,NC-0110,Non-Clinical > Food & Beverages > Bakery > Bread > Bread,
sydney_adventist,DBO].[CBORD-0005,Non-Clinical > Food & Beverages > Bakery > Cake,Non-Clinical > Food & Beverages > Bakery > Cake,1973,exact,1.0,NC-0111,Non-Clinical > Food & Beverages > Bakery > Cake > Cake,
sydney_adventist,DBO].[CBORD-0006,Non-Clinical > Food & Beverages > Bakery > Cookie,Non-Clinical > Food & Beverages > Bakery > Cookie,843,exact,1.0,NC-0112,Non-Clinical > Food & Beverages > Bakery > Cookie > Cookie,
sydney_adventist,DBO].[CBORD-0007,Non-Clinical > Food & Beverages > Bakery > Desserts,Non-Clinical > Food & Beverages > Bakery > Desserts,3882,exact,1.0,NC-0113,Non-Clinical > Food & Beverages > Bakery > Desserts > Desserts,
sydney_adventist,DBO].[CBORD-0008,Non-Clinical > Food & Beverages > Bakery > Macarons,Non-Clinical > Food & Beverages > Bakery > Macarons,11,exact,1.0,NC-0114,Non-Clinical > Food & Beverages > Bakery > Macarons > Macarons,
sydney_adventist,DBO].[CBORD-0009,Non-Clinical > Food & Beverages > Bakery > Muffin,Non-Clinical > Food & Beverages > Bakery > Muffin,1351,exact,1.0,NC-0115,Non-Clinical > Food & Beverages > Bakery > Muffin > Muffin,
sydney_adventist,DBO].[CBORD-0010,Non-Clinical > Food & Beverages > Bakery > Pizza,Non-Clinical > Food & Beverages > Bakery > Pizza,155,exact,1.0,NC-0116,Non-Clinical > Food & Beverages > Bakery > Pizza > Pizza,
sydney_adventist,DBO].[CBORD-0011,Non-Clinical > Food & Beverages > Bakery > Pizza Base,Non-Clinical > Food & Beverages > Bakery > Pizza Base,7,exact,1.0,NC-0117,Non-Clinical > Food & Beverages > Bakery > Pizza Base > Pizza Base,
sydney_adventist,DBO].[CBORD-0012,Non-Clinical > Food & Beverages > Bakery > Puree,Non-Clinical > Food & Beverages > Bakery > Puree,1,ruled_mapped,1.0,NC-0239,Non-Clinical > Food & Beverages > Processed Foods > Pureed Vegetables > Pureed Vegetables,YES
sydney_adventist,DBO].[CBORD-0013,Non-Clinical > Food & Beverages > Bakery > Pureed Veg Products,Non-Clinical > Food & Beverages > Bakery > Pureed Veg Products,0,ruled_mapped,1.0,NC-0239,Non-Clinical > Food & Beverages > Processed Foods > Pureed Vegetables > Pureed Vegetables,YES
sydney_adventist,DBO].[CBORD-0014,Non-Clinical > Food & Beverages > Bakery > Savoury Baked Goods,Non-Clinical > Food & Beverages > Bakery > Savoury Baked Goods,6610,exact,1.0,NC-0118,Non-Clinical > Food & Beverages > Bakery > Savoury Baked Goods > Savoury Baked Goods,
sydney_adventist,DBO].[CBORD-0015,Non-Clinical > Food & Beverages > Bakery > Slices,Non-Clinical > Food & Beverages > Bakery > Slices,3986,exact,1.0,NC-0119,Non-Clinical > Food & Beverages > Bakery > Slices > Slices,
sydney_adventist,DBO].[CBORD-0016,Non-Clinical > Food & Beverages > Bakery > Sweet Treats,Non-Clinical > Food & Beverages > Bakery > Sweet Treats,310,exact,1.0,NC-0120,Non-Clinical > Food & Beverages > Bakery > Sweet Treats > Sweet Treats,
sydney_adventist,DBO].[CBORD-0018,Non-Clinical > Food & Beverages > Beverages > Beverage Toppings,Non-Clinical > Food & Beverages > Beverages > Beverage Toppings,253,exact,1.0,NC-0122,Non-Clinical > Food & Beverages > Beverages > Beverage Toppings > Beverage Toppings,
sydney_adventist,DBO].[CBORD-0019,Non-Clinical > Food & Beverages > Beverages > Beverage Whitener,Non-Clinical > Food & Beverages > Beverages > Beverage Whitener,80,exact,1.0,NC-0123,Non-Clinical > Food & Beverages > Beverages > Beverage Whitener > Beverage Whitener,
sydney_adventist,DBO].[CBORD-0017,Non-Clinical > Food & Beverages > Beverages,Non-Clinical > Food & Beverages > Beverages,922,ruled_mapped,1.0,NC-0124,Non-Clinical > Food & Beverages > Beverages > Beverages - Other > Beverages - Other,YES
sydney_adventist,DBO].[CBORD-0020,Non-Clinical > Food & Beverages > Beverages > Carbonated Drinks,Non-Clinical > Food & Beverages > Beverages > Carbonated Drinks,2233,exact,1.0,NC-0125,Non-Clinical > Food & Beverages > Beverages > Carbonated Drinks > Carbonated Drinks,
sydney_adventist,DBO].[CBORD-0021,Non-Clinical > Food & Beverages > Beverages > Chcocolate Drink,Non-Clinical > Food & Beverages > Beverages > Chcocolate Drink,166,exact,1.0,NC-0126,Non-Clinical > Food & Beverages > Beverages > Chocolate Drink > Chocolate Drink,
sydney_adventist,DBO].[CBORD-0022,Non-Clinical > Food & Beverages > Beverages > Coffee,Non-Clinical > Food & Beverages > Beverages > Coffee,673,exact,1.0,NC-0127,Non-Clinical > Food & Beverages > Beverages > Coffee > Coffee,
sydney_adventist,DBO].[CBORD-0023,Non-Clinical > Food & Beverages > Beverages > Concentrate Syrup,Non-Clinical > Food & Beverages > Beverages > Concentrate Syrup,729,exact,1.0,NC-0128,Non-Clinical > Food & Beverages > Beverages > Concentrate Syrup > Concentrate Syrup,
sydney_adventist,DBO].[CBORD-0024,Non-Clinical > Food & Beverages > Beverages > Health Drink,Non-Clinical > Food & Beverages > Beverages > Health Drink,6,exact,1.0,NC-0129,Non-Clinical > Food & Beverages > Beverages > Health Drink > Health Drink,
sydney_adventist,DBO].[CBORD-0025,Non-Clinical > Food & Beverages > Beverages > Juice,Non-Clinical > Food & Beverages > Beverages > Juice,3817,exact,1.0,NC-0130,Non-Clinical > Food & Beverages > Beverages > Juice > Juice,
sydney_adventist,DBO].[CBORD-0026,Non-Clinical > Food & Beverages > Beverages > Milk Based Drink,Non-Clinical > Food & Beverages > Beverages > Milk Based Drink,776,exact,1.0,NC-0131,Non-Clinical > Food & Beverages > Beverages > Milk Based Drink > Milk Based Drink,
sydney_adventist,DBO].[CBORD-0027,Non-Clinical > Food & Beverages > Beverages > Non-Dairy Milk,Non-Clinical > Food & Beverages > Beverages > Non-Dairy Milk,801,exact,1.0,NC-0133,Non-Clinical > Food & Beverages > Beverages > Non-Dairy Milk > Non-Dairy Milk,
sydney_adventist,DBO].[CBORD-0028,Non-Clinical > Food & Beverages > Beverages > Smoothie,Non-Clinical > Food & Beverages > Beverages > Smoothie,282,exact,1.0,NC-0134,Non-Clinical > Food & Beverages > Beverages > Smoothie > Smoothie,
sydney_adventist,DBO].[CBORD-0029,Non-Clinical > Food & Beverages > Beverages > Sports Drink,Non-Clinical > Food & Beverages > Beverages > Sports Drink,159,exact,1.0,NC-0135,Non-Clinical > Food & Beverages > Beverages > Sports Drink > Sports Drink,
sydney_adventist,DBO].[CBORD-0030,Non-Clinical > Food & Beverages > Beverages > Tea,Non-Clinical > Food & Beverages > Beverages > Tea,1001,exact,1.0,NC-0136,Non-Clinical > Food & Beverages > Beverages > Tea > Tea,
sydney_adventist,DBO].[CBORD-0031,Non-Clinical > Food & Beverages > Beverages > Water,Non-Clinical > Food & Beverages > Beverages > Water,2037,exact,1.0,NC-0137,Non-Clinical > Food & Beverages > Beverages > Water > Water,
sydney_adventist,DBO].[CBORD-0032,Non-Clinical > Food & Beverages > Condiments > Artificial Sweetner,Non-Clinical > Food & Beverages > Condiments > Artificial Sweetner,77,exact,1.0,NC-0138,Non-Clinical > Food & Beverages > Condiments > Artificial Sweetener > Artificial Sweetener,
sydney_adventist,DBO].[CBORD-0033,Non-Clinical > Food & Beverages > Condiments > Herbs,Non-Clinical > Food & Beverages > Condiments > Herbs,2220,exact,1.0,NC-0139,Non-Clinical > Food & Beverages > Condiments > Herbs > Herbs,
sydney_adventist,DBO].[CBORD-0034,"Non-Clinical > Food & Beverages > Condiments > Jam, Sauces & Dressings > Chutney","Non-Clinical > Food & Beverages > Condiments > Jam, Sauces & Dressings > Chutney",28,exact,1.0,NC-0140,"Non-Clinical > Food & Beverages > Condiments > Jam, Sauces & Dressings > Chutney",
sydney_adventist,DBO].[CBORD-0035,"Non-Clinical > Food & Beverages > Condiments > Jam, Sauces & Dressings > Dip","Non-Clinical > Food & Beverages > Condiments > Jam, Sauces & Dressings > Dip",779,exact,1.0,NC-0141,"Non-Clinical > Food & Beverages > Condiments > Jam, Sauces & Dressings > Dip",
sydney_adventist,DBO].[CBORD-0036,"Non-Clinical > Food & Beverages > Condiments > Jam, Sauces & Dressings > Dressing","Non-Clinical > Food & Beverages > Condiments > Jam, Sauces & Dressings > Dressing",824,exact,1.0,NC-0142,"Non-Clinical > Food & Beverages > Condiments > Jam, Sauces & Dressings > Dressing",
sydney_adventist,DBO].[CBORD-0037,"Non-Clinical > Food & Beverages > Condiments > Jam, Sauces & Dressings > Jam","Non-Clinical > Food & Beverages > Condiments > Jam, Sauces & Dressings > Jam",684,exact,1.0,NC-0143,"Non-Clinical > Food & Beverages > Condiments > Jam, Sauces & Dressings > Jam",
sydney_adventist,DBO].[CBORD-0038,"Non-Clinical > Food & Beverages > Condiments > Jam, Sauces & Dressings > Mayonaise","Non-Clinical > Food & Beverages > Condiments > Jam, Sauces & Dressings > Mayonaise",645,exact,1.0,NC-0144,"Non-Clinical > Food & Beverages > Condiments > Jam, Sauces & Dressings > Mayonnaise",
sydney_adventist,DBO].[CBORD-0039,"Non-Clinical > Food & Beverages > Condiments > Jam, Sauces & Dressings > Pizza Sauce","Non-Clinical > Food & Beverages > Condiments > Jam, Sauces & Dressings > Pizza Sauce",12,exact,1.0,NC-0145,"Non-Clinical > Food & Beverages > Condiments > Jam, Sauces & Dressings > Pizza Sauce",
sydney_adventist,DBO].[CBORD-0040,"Non-Clinical > Food & Beverages > Condiments > Jam, Sauces & Dressings > Relish","Non-Clinical > Food & Beverages > Condiments > Jam, Sauces & Dressings > Relish",261,exact,1.0,NC-0146,"Non-Clinical > Food & Beverages > Condiments > Jam, Sauces & Dressings > Relish",
sydney_adventist,DBO].[CBORD-0041,"Non-Clinical > Food & Beverages > Condiments > Jam, Sauces & Dressings > Sauce","Non-Clinical > Food & Beverages > Condiments > Jam, Sauces & Dressings > Sauce",1299,exact,1.0,NC-0147,"Non-Clinical > Food & Beverages > Condiments > Jam, Sauces & Dressings > Sauce",
sydney_adventist,DBO].[CBORD-0042,"Non-Clinical > Food & Beverages > Condiments > Jam, Sauces & Dressings > Syrup","Non-Clinical > Food & Beverages > Condiments > Jam, Sauces & Dressings > Syrup",36,exact,1.0,NC-0148,"Non-Clinical > Food & Beverages > Condiments > Jam, Sauces & Dressings > Syrup",
sydney_adventist,DBO].[CBORD-0043,Non-Clinical > Food & Beverages > Condiments > Pre-Mix,Non-Clinical > Food & Beverages > Condiments > Pre-Mix,56,exact,1.0,NC-0149,Non-Clinical > Food & Beverages > Condiments > Pre-Mix > Pre-Mix,
sydney_adventist,DBO].[CBORD-0044,Non-Clinical > Food & Beverages > Condiments > Relish,Non-Clinical > Food & Beverages > Condiments > Relish,59,exact,1.0,NC-0150,Non-Clinical > Food & Beverages > Condiments > Relish > Relish,
sydney_adventist,DBO].[CBORD-0045,Non-Clinical > Food & Beverages > Condiments > Salt,Non-Clinical > Food & Beverages > Condiments > Salt,294,exact,1.0,NC-0151,Non-Clinical > Food & Beverages > Condiments > Salt > Salt,
sydney_adventist,DBO].[CBORD-0046,Non-Clinical > Food & Beverages > Condiments > Seasoning,Non-Clinical > Food & Beverages > Condiments > Seasoning,16,exact,1.0,NC-0152,Non-Clinical > Food & Beverages > Condiments > Seasoning > Seasoning,
sydney_adventist,DBO].[CBORD-0047,Non-Clinical > Food & Beverages > Condiments > Spice,Non-Clinical > Food & Beverages > Condiments > Spices,175,exact,1.0,NC-0153,Non-Clinical > Food & Beverages > Condiments > Spices > Spices,
sydney_adventist,DBO].[CBORD-0048,Non-Clinical > Food & Beverages > Condiments > Spices,Non-Clinical > Food & Beverages > Condiments > Spices,656,exact,1.0,NC-0153,Non-Clinical > Food & Beverages > Condiments > Spices > Spices,
sydney_adventist,DBO].[CBORD-0049,Non-Clinical > Food & Beverages > Condiments > Sugar,Non-Clinical > Food & Beverages > Condiments > Sugar,415,exact,1.0,NC-0154,Non-Clinical > Food & Beverages > Condiments > Sugar > Sugar,
sydney_adventist,DBO].[CBORD-0050,Non-Clinical > Food & Beverages > Confectionery > Chocolate,Non-Clinical > Food & Beverages > Confectionery > Chocolate,1050,exact,1.0,NC-0155,Non-Clinical > Food & Beverages > Confectionery > Chocolate > Chocolate,
sydney_adventist,DBO].[CBORD-0051,Non-Clinical > Food & Beverages > Confectionery > Desserts,Non-Clinical > Food & Beverages > Confectionery > Desserts,37,exact,1.0,NC-0156,Non-Clinical > Food & Beverages > Confectionery > Desserts > Desserts,
sydney_adventist,DBO].[CBORD-0052,Non-Clinical > Food & Beverages > Confectionery > Mint Products,Non-Clinical > Food & Beverages > Confectionery > Mint Products,194,exact,1.0,NC-0157,Non-Clinical > Food & Beverages > Confectionery > Mint Products > Mint Products,
sydney_adventist,DBO].[CBORD-0053,Non-Clinical > Food & Beverages > Confectionery > Nut Bars,Non-Clinical > Food & Beverages > Confectionery > Nut Bars,105,exact,1.0,NC-0158,Non-Clinical > Food & Beverages > Confectionery > Nut Bars > Nut Bars,
sydney_adventist,DBO].[CBORD-0054,Non-Clinical > Food & Beverages > Confectionery > Sweet Treats,Non-Clinical > Food & Beverages > Confectionery > Sweet Treats,1338,exact,1.0,NC-0159,Non-Clinical > Food & Beverages > Confectionery > Sweet Treats > Sweet Treats,
sydney_adventist,DBO].[CBORD-0055,Non-Clinical > Food & Beverages > Cooking Oil,Non-Clinical > Food & Beverages > Cooking Oil,242,ruled_mapped,1.0,NC-0160,Non-Clinical > Food & Beverages > Cooking Oil > Cooking Oil - Other > Cooking Oil - Other,YES
sydney_adventist,DBO].[CBORD-0056,Non-Clinical > Food & Beverages > Cooking Oil > Olive Oil,Non-Clinical > Food & Beverages > Cooking Oil > Olive Oil,264,exact,1.0,NC-0161,Non-Clinical > Food & Beverages > Cooking Oil > Olive Oil > Olive Oil,
sydney_adventist,DBO].[CBORD-0057,Non-Clinical > Food & Beverages > Cooking Oil > Seasame Oil,Non-Clinical > Food & Beverages > Cooking Oil > Seasame Oil,70,exact,1.0,NC-0162,Non-Clinical > Food & Beverages > Cooking Oil > Sesame Oil > Sesame Oil,
sydney_adventist,DBO].[CBORD-0059,Non-Clinical > Food & Beverages > Dairy > Butter,Non-Clinical > Food & Beverages > Dairy > Butter,363,exact,1.0,NC-0163,Non-Clinical > Food & Beverages > Dairy > Butter > Butter,
sydney_adventist,DBO].[CBORD-0060,Non-Clinical > Food & Beverages > Dairy > Cheese,Non-Clinical > Food & Beverages > Dairy > Cheese,2337,exact,1.0,NC-0164,Non-Clinical > Food & Beverages > Dairy > Cheese > Cheese,
sydney_adventist,DBO].[CBORD-0061,Non-Clinical > Food & Beverages > Dairy > Cream,Non-Clinical > Food & Beverages > Dairy > Cream,950,exact,1.0,NC-0165,Non-Clinical > Food & Beverages > Dairy > Cream > Cream,
sydney_adventist,DBO].[CBORD-0058,Non-Clinical > Food & Beverages > Dairy,Non-Clinical > Food & Beverages > Dairy,588,ruled_mapped,1.0,NC-0166,Non-Clinical > Food & Beverages > Dairy > Dairy - Other > Dairy - Other,YES
sydney_adventist,DBO].[CBORD-0062,Non-Clinical > Food & Beverages > Dairy > Desserts,Non-Clinical > Food & Beverages > Dairy > Desserts,466,exact,1.0,NC-0167,Non-Clinical > Food & Beverages > Dairy > Desserts > Desserts,
sydney_adventist,DBO].[CBORD-0063,Non-Clinical > Food & Beverages > Dairy > Margarine,Non-Clinical > Food & Beverages > Dairy > Margarine,402,exact,1.0,NC-0168,Non-Clinical > Food & Beverages > Dairy > Margarine > Margarine,
sydney_adventist,DBO].[CBORD-0064,Non-Clinical > Food & Beverages > Dairy > Milk,Non-Clinical > Food & Beverages > Dairy > Milk,2119,exact,1.0,NC-0169,Non-Clinical > Food & Beverages > Dairy > Milk > Milk,
sydney_adventist,DBO].[CBORD-0065,Non-Clinical > Food & Beverages > Dairy > Milk Based Drink,Non-Clinical > Food & Beverages > Dairy > Milk Based Drink,575,ruled_mapped,1.0,NC-0131,Non-Clinical > Food & Beverages > Beverages > Milk Based Drink > Milk Based Drink,YES
sydney_adventist,DBO].[CBORD-0066,Non-Clinical > Food & Beverages > Dairy > Milk Products,Non-Clinical > Food & Beverages > Dairy > Milk Products,120,exact,1.0,NC-0170,Non-Clinical > Food & Beverages > Dairy > Milk Products > Milk Products,
sydney_adventist,DBO].[CBORD-0067,Non-Clinical > Food & Beverages > Dairy > Non Dairy Milk,Non-Clinical > Food & Beverages > Dairy > Non Dairy Milk,465,ruled_mapped,1.0,NC-0133,Non-Clinical > Food & Beverages > Beverages > Non-Dairy Milk > Non-Dairy Milk,YES
sydney_adventist,DBO].[CBORD-0068,Non-Clinical > Food & Beverages > Dairy > Yoghurt,Non-Clinical > Food & Beverages > Dairy > Yoghurt,2173,exact,1.0,NC-0171,Non-Clinical > Food & Beverages > Dairy > Yoghurt > Yoghurt,
sydney_adventist,DBO].[CBORD-0070,Non-Clinical > Food & Beverages > Dry Rations > Batter,Non-Clinical > Food & Beverages > Dry Rations > Batter,1,exact,1.0,NC-0172,Non-Clinical > Food & Beverages > Dry Rations > Batter > Batter,
sydney_adventist,DBO].[CBORD-0069,Non-Clinical > Food & Beverages > Dry Rations,Non-Clinical > Food & Beverages > Dry Rations,552,ruled_mapped,1.0,NC-0173,Non-Clinical > Food & Beverages > Dry Rations > Dry Rations - Other > Dry Rations - Other,YES
sydney_adventist,DBO].[CBORD-0071,Non-Clinical > Food & Beverages > Dry Rations > Essence,Non-Clinical > Food & Beverages > Dry Rations > Essence,9,exact,1.0,NC-0174,Non-Clinical > Food & Beverages > Dry Rations > Essence > Essence,
sydney_adventist,DBO].[CBORD-0072,Non-Clinical > Food & Beverages > Dry Rations > Flour,Non-Clinical > Food & Beverages > Dry Rations > Flour,267,exact,1.0,NC-0175,Non-Clinical > Food & Beverages > Dry Rations > Flour > Flour,
sydney_adventist,DBO].[CBORD-0073,Non-Clinical > Food & Beverages > Dry Rations > Food Products,Non-Clinical > Food & Beverages > Dry Rations > Food Products,662,exact,1.0,NC-0176,Non-Clinical > Food & Beverages > Dry Rations > Food Products > Food Products,
sydney_adventist,DBO].[CBORD-0074,Non-Clinical > Food & Beverages > Dry Rations > Food Starch,Non-Clinical > Food & Beverages > Dry Rations > Food Starch,2,exact,1.0,NC-0177,Non-Clinical > Food & Beverages > Dry Rations > Food Starch > Food Starch,
sydney_adventist,DBO].[CBORD-0075,Non-Clinical > Food & Beverages > Dry Rations > Fruits,Non-Clinical > Food & Beverages > Dry Rations > Fruits,52,exact,1.0,NC-0178,Non-Clinical > Food & Beverages > Dry Rations > Fruits > Fruits,
sydney_adventist,DBO].[CBORD-0076,Non-Clinical > Food & Beverages > Dry Rations > Grains,Non-Clinical > Food & Beverages > Dry Rations > Grains,539,exact,1.0,NC-0179,Non-Clinical > Food & Beverages > Dry Rations > Grains > Grains,
sydney_adventist,DBO].[CBORD-0077,Non-Clinical > Food & Beverages > Dry Rations > Nuts,Non-Clinical > Food & Beverages > Dry Rations > Nuts,188,exact,1.0,NC-0180,Non-Clinical > Food & Beverages > Dry Rations > Nuts > Nuts,
sydney_adventist,DBO].[CBORD-0078,Non-Clinical > Food & Beverages > Dry Rations > Pasta,Non-Clinical > Food & Beverages > Dry Rations > Pasta,51,exact,1.0,NC-0181,Non-Clinical > Food & Beverages > Dry Rations > Pasta > Pasta,
sydney_adventist,DBO].[CBORD-0079,Non-Clinical > Food & Beverages > Dry Rations > Pre-Mix,Non-Clinical > Food & Beverages > Dry Rations > Pre-Mix,261,exact,1.0,NC-0182,Non-Clinical > Food & Beverages > Dry Rations > Pre-Mix > Pre-Mix,
sydney_adventist,DBO].[CBORD-0080,Non-Clinical > Food & Beverages > Emulsifier > Cream Stabiliser,Non-Clinical > Food & Beverages > Emulsifier > Cream Stabiliser,6,exact,1.0,NC-0183,Non-Clinical > Food & Beverages > Emulsifier > Cream Stabiliser > Cream Stabiliser,
sydney_adventist,DBO].[CBORD-0081,Non-Clinical > Food & Beverages > Enteral Feeds > Feeding Accessories,Non-Clinical > Food & Beverages > Enteral Feeds > Feeding Accessories,14,exact,1.0,NC-0184,Non-Clinical > Food & Beverages > Enteral Feeds > Feeding Accessories > Feeding Accessories,
sydney_adventist,DBO].[CBORD-0082,Non-Clinical > Food & Beverages > Enteral Feeds > Specialized Enternal Feeds,Non-Clinical > Food & Beverages > Enteral Feeds > Specialized Enternal Feeds,230,exact,1.0,NC-0185,Non-Clinical > Food & Beverages > Enteral Feeds > Specialised Enteral Feeds > Specialised Enteral Feeds,
sydney_adventist,DBO].[CBORD-0083,Non-Clinical > Food & Beverages > Enteral Feeds > Standard Enternal Feeds,Non-Clinical > Food & Beverages > Enteral Feeds > Standard Enternal Feeds,137,exact,1.0,NC-0186,Non-Clinical > Food & Beverages > Enteral Feeds > Standard Enteral Feeds > Standard Enteral Feeds,
sydney_adventist,DBO].[CBORD-0084,Non-Clinical > Food & Beverages > Food Thickener,Non-Clinical > Food & Beverages > Food Thickener,69,ruled_kept,1.0,NC-0187,Non-Clinical > Food & Beverages > Food Thickener > Food Thickener > Food Thickener,
sydney_adventist,DBO].[CBORD-0085,Non-Clinical > Food & Beverages > Fresh Produce > Fruits,Non-Clinical > Food & Beverages > Fresh Produce > Fruits,5418,exact,1.0,NC-0188,Non-Clinical > Food & Beverages > Fresh Produce > Fruits > Fruits,
sydney_adventist,DBO].[CBORD-0086,Non-Clinical > Food & Beverages > Fresh Produce > Processed Fruit Salads,Non-Clinical > Food & Beverages > Fresh Produce > Processed Fruit Salads,337,ruled_mapped,1.0,NC-0233,Non-Clinical > Food & Beverages > Processed Foods > Processed Fruit Salads > Processed Fruit Salads,YES
sydney_adventist,DBO].[CBORD-0087,Non-Clinical > Food & Beverages > Fresh Produce > Processed Salads,Non-Clinical > Food & Beverages > Fresh Produce > Processed Salads,517,ruled_mapped,1.0,NC-0235,Non-Clinical > Food & Beverages > Processed Foods > Processed Salads > Processed Salads,YES
sydney_adventist,DBO].[CBORD-0088,Non-Clinical > Food & Beverages > Fresh Produce > Salad Ingredients,Non-Clinical > Food & Beverages > Fresh Produce > Salad Ingredients,95,exact,1.0,NC-0189,Non-Clinical > Food & Beverages > Fresh Produce > Salad Ingredients > Salad Ingredients,
sydney_adventist,DBO].[CBORD-0089,Non-Clinical > Food & Beverages > Fresh Produce > Vegetables,Non-Clinical > Food & Beverages > Fresh Produce > Vegetables,24875,exact,1.0,NC-0190,Non-Clinical > Food & Beverages > Fresh Produce > Vegetables > Vegetables,
sydney_adventist,DBO].[CBORD-0091,Non-Clinical > Food & Beverages > Frozen Products > Breakfast Items,Non-Clinical > Food & Beverages > Frozen Products > Breakfast Items,143,exact,1.0,NC-0191,Non-Clinical > Food & Beverages > Frozen Products > Breakfast Items > Breakfast Items,
sydney_adventist,DBO].[CBORD-0092,Non-Clinical > Food & Beverages > Frozen Products > Chips,Non-Clinical > Food & Beverages > Frozen Products > Chips,661,exact,1.0,NC-0192,Non-Clinical > Food & Beverages > Frozen Products > Chips > Chips,
sydney_adventist,DBO].[CBORD-0093,Non-Clinical > Food & Beverages > Frozen Products > Desserts,Non-Clinical > Food & Beverages > Frozen Products > Desserts,963,exact,1.0,NC-0193,Non-Clinical > Food & Beverages > Frozen Products > Desserts > Desserts,
sydney_adventist,DBO].[CBORD-0090,Non-Clinical > Food & Beverages > Frozen Products,Non-Clinical > Food & Beverages > Frozen Products,497,ruled_mapped,1.0,NC-0194,Non-Clinical > Food & Beverages > Frozen Products > Frozen Products - Other > Frozen Products - Other,YES
sydney_adventist,DBO].[CBORD-0094,Non-Clinical > Food & Beverages > Frozen Products > Fruits,Non-Clinical > Food & Beverages > Frozen Products > Fruits,135,exact,1.0,NC-0195,Non-Clinical > Food & Beverages > Frozen Products > Fruits > Fruits,
sydney_adventist,DBO].[CBORD-0095,Non-Clinical > Food & Beverages > Frozen Products > Lentils,Non-Clinical > Food & Beverages > Frozen Products > Lentils,273,exact,1.0,NC-0196,Non-Clinical > Food & Beverages > Frozen Products > Lentils > Lentils,
sydney_adventist,DBO].[CBORD-0096,Non-Clinical > Food & Beverages > Frozen Products > Soup,Non-Clinical > Food & Beverages > Frozen Products > Soup,263,exact,1.0,NC-0197,Non-Clinical > Food & Beverages > Frozen Products > Soup > Soup,
sydney_adventist,DBO].[CBORD-0097,Non-Clinical > Food & Beverages > Frozen Products > Sweet Treats,Non-Clinical > Food & Beverages > Frozen Products > Sweet Treats,416,exact,1.0,NC-0198,Non-Clinical > Food & Beverages > Frozen Products > Sweet Treats > Sweet Treats,
sydney_adventist,DBO].[CBORD-0098,Non-Clinical > Food & Beverages > Frozen Products > Vegetables,Non-Clinical > Food & Beverages > Frozen Products > Vegetables,1245,exact,1.0,NC-0199,Non-Clinical > Food & Beverages > Frozen Products > Vegetables > Vegetables,
sydney_adventist,DBO].[CBORD-0100,Non-Clinical > Food & Beverages > Meat > Beef,Non-Clinical > Food & Beverages > Meat > Beef,1349,exact,1.0,NC-0201,Non-Clinical > Food & Beverages > Meat > Beef > Beef,
sydney_adventist,DBO].[CBORD-0101,Non-Clinical > Food & Beverages > Meat > Chicken,Non-Clinical > Food & Beverages > Meat > Chicken,261,ruled_mapped,1.0,NC-0219,Non-Clinical > Food & Beverages > Poultry > Poultry - Other > Poultry - Other,YES
sydney_adventist,DBO].[CBORD-0102,Non-Clinical > Food & Beverages > Meat > Egg,Non-Clinical > Food & Beverages > Meat > Egg,8,ruled_mapped,1.0,NC-0218,Non-Clinical > Food & Beverages > Poultry > Egg > Egg,YES
sydney_adventist,DBO].[CBORD-0103,Non-Clinical > Food & Beverages > Meat > Lamb,Non-Clinical > Food & Beverages > Meat > Lamb,630,exact,1.0,NC-0202,Non-Clinical > Food & Beverages > Meat > Lamb > Lamb,
sydney_adventist,DBO].[CBORD-0104,Non-Clinical > Food & Beverages > Meat > Poultry,Non-Clinical > Food & Beverages > Meat > Poultry,2166,ruled_mapped,1.0,NC-0219,Non-Clinical > Food & Beverages > Poultry > Poultry - Other > Poultry - Other,YES
sydney_adventist,DBO].[CBORD-0105,Non-Clinical > Food & Beverages > Meat > Seafood,Non-Clinical > Food & Beverages > Meat > Seafood,1074,ruled_mapped,1.0,NC-0263,Non-Clinical > Food & Beverages > Seafood > Seafood > Seafood,YES
sydney_adventist,DBO].[CBORD-0107,Non-Clinical > Food & Beverages > Nutritional Supplements > Cough Lozenges,Non-Clinical > Food & Beverages > Nutritional Supplements > Cough Lozenges,13,exact,1.0,NC-0204,Non-Clinical > Food & Beverages > Nutritional Supplements > Cough Lozenges > Cough Lozenges,
sydney_adventist,DBO].[CBORD-0108,Non-Clinical > Food & Beverages > Nutritional Supplements > Liquid Based Supplements,Non-Clinical > Food & Beverages > Nutritional Supplements > Liquid Based Supplements,2097,exact,1.0,NC-0205,Non-Clinical > Food & Beverages > Nutritional Supplements > Liquid Based Supplements > Liquid Based Supplements,
sydney_adventist,DBO].[CBORD-0109,Non-Clinical > Food & Beverages > Nutritional Supplements > Low Calorie Desserts,Non-Clinical > Food & Beverages > Nutritional Supplements > Low Calorie Desserts,388,exact,1.0,NC-0206,Non-Clinical > Food & Beverages > Nutritional Supplements > Low Calorie Desserts > Low Calorie Desserts,
sydney_adventist,DBO].[CBORD-0106,Non-Clinical > Food & Beverages > Nutritional Supplements,Non-Clinical > Food & Beverages > Nutritional Supplements,14,ruled_mapped,1.0,NC-0207,Non-Clinical > Food & Beverages > Nutritional Supplements > Nutritional Supplements - Other > Nutritional Supplements - Other,YES
sydney_adventist,DBO].[CBORD-0110,Non-Clinical > Food & Beverages > Nutritional Supplements > Powdered Supplements,Non-Clinical > Food & Beverages > Nutritional Supplements > Powdered Supplements,106,exact,1.0,NC-0208,Non-Clinical > Food & Beverages > Nutritional Supplements > Powdered Supplements > Powdered Supplements,
sydney_adventist,DBO].[CBORD-0111,Non-Clinical > Food & Beverages > Packaged Foods > Chips,Non-Clinical > Food & Beverages > Packaged Foods > Chips,675,exact,1.0,NC-0213,Non-Clinical > Food & Beverages > Packaged Foods > Chips > Chips,
sydney_adventist,DBO].[CBORD-0114,Non-Clinical > Food & Beverages > Processed Foods > Baked Goods,Non-Clinical > Food & Beverages > Processed Foods > Baked Goods,37,exact,1.0,NC-0220,Non-Clinical > Food & Beverages > Processed Foods > Baked Goods > Baked Goods,
sydney_adventist,DBO].[CBORD-0115,Non-Clinical > Food & Beverages > Processed Foods > Breakfast Cereal,Non-Clinical > Food & Beverages > Processed Foods > Breakfast Cereal,1332,exact,1.0,NC-0221,Non-Clinical > Food & Beverages > Processed Foods > Breakfast Cereal > Breakfast Cereal,
sydney_adventist,DBO].[CBORD-0116,Non-Clinical > Food & Beverages > Processed Foods > Caper,Non-Clinical > Food & Beverages > Processed Foods > Caper,31,exact,1.0,NC-0222,Non-Clinical > Food & Beverages > Processed Foods > Caper > Caper,
sydney_adventist,DBO].[CBORD-0117,Non-Clinical > Food & Beverages > Processed Foods > Caramelised Onions,Non-Clinical > Food & Beverages > Processed Foods > Caramelised Onions,70,exact,1.0,NC-0223,Non-Clinical > Food & Beverages > Processed Foods > Caramelised Onions > Caramelised Onions,
sydney_adventist,DBO].[CBORD-0118,Non-Clinical > Food & Beverages > Processed Foods > Cous Cous,Non-Clinical > Food & Beverages > Processed Foods > Cous Cous,116,exact,1.0,NC-0224,Non-Clinical > Food & Beverages > Processed Foods > Couscous > Couscous,
sydney_adventist,DBO].[CBORD-0119,Non-Clinical > Food & Beverages > Processed Foods > Curry,Non-Clinical > Food & Beverages > Processed Foods > Curry,83,exact,1.0,NC-0225,Non-Clinical > Food & Beverages > Processed Foods > Curry > Curry,
sydney_adventist,DBO].[CBORD-0120,Non-Clinical > Food & Beverages > Processed Foods > Lentils,Non-Clinical > Food & Beverages > Processed Foods > Lentils,423,exact,1.0,NC-0226,Non-Clinical > Food & Beverages > Processed Foods > Lentils > Lentils,
sydney_adventist,DBO].[CBORD-0121,Non-Clinical > Food & Beverages > Processed foods > Noodles,Non-Clinical > Food & Beverages > Processed Foods > Noodles,169,exact,1.0,NC-0227,Non-Clinical > Food & Beverages > Processed Foods > Noodles > Noodles,
sydney_adventist,DBO].[CBORD-0122,Non-Clinical > Food & Beverages > Processed Foods > Olives,Non-Clinical > Food & Beverages > Processed Foods > Olives,114,exact,1.0,NC-0228,Non-Clinical > Food & Beverages > Processed Foods > Olives > Olives,
sydney_adventist,DBO].[CBORD-0123,Non-Clinical > Food & Beverages > Processed foods > Pasta,Non-Clinical > Food & Beverages > Processed Foods > Pasta,200,exact,1.0,NC-0229,Non-Clinical > Food & Beverages > Processed Foods > Pasta > Pasta,
sydney_adventist,DBO].[CBORD-0124,Non-Clinical > Food & Beverages > Processed Foods > Paste,Non-Clinical > Food & Beverages > Processed Foods > Paste,215,exact,1.0,NC-0230,Non-Clinical > Food & Beverages > Processed Foods > Paste > Paste,
sydney_adventist,DBO].[CBORD-0125,Non-Clinical > Food & Beverages > Processed Foods > Pre-Mix,Non-Clinical > Food & Beverages > Processed Foods > Pre-Mix,229,exact,1.0,NC-0231,Non-Clinical > Food & Beverages > Processed Foods > Pre-Mix > Pre-Mix,
sydney_adventist,DBO].[CBORD-0126,Non-Clinical > Food & Beverages > Processed Foods > Procesed Fruit,Non-Clinical > Food & Beverages > Processed Foods > Processed Fruits,77,ruled_kept,1.0,NC-0234,Non-Clinical > Food & Beverages > Processed Foods > Processed Fruits > Processed Fruits,
sydney_adventist,DBO].[CBORD-0113,Non-Clinical > Food & Beverages > Processed Foods,Non-Clinical > Food & Beverages > Processed Foods,254,ruled_mapped,1.0,NC-0232,Non-Clinical > Food & Beverages > Processed Foods > Processed Foods - Other > Processed Foods - Other,YES
sydney_adventist,DBO].[CBORD-0127,Non-Clinical > Food & Beverages > Processed Foods > Processed Fruits,Non-Clinical > Food & Beverages > Processed Foods > Processed Fruits,2275,ruled_kept,1.0,NC-0234,Non-Clinical > Food & Beverages > Processed Foods > Processed Fruits > Processed Fruits,
sydney_adventist,DBO].[CBORD-0128,Non-Clinical > Food & Beverages > Processed Foods > Prunes,Non-Clinical > Food & Beverages > Processed Foods > Prunes,187,exact,1.0,NC-0236,Non-Clinical > Food & Beverages > Processed Foods > Prunes > Prunes,
sydney_adventist,DBO].[CBORD-0129,Non-Clinical > Food & Beverages > Processed Foods > Pureed Fruits,Non-Clinical > Food & Beverages > Processed Foods > Pureed Fruits,631,exact,1.0,NC-0237,Non-Clinical > Food & Beverages > Processed Foods > Pureed Fruits > Pureed Fruits,
sydney_adventist,DBO].[CBORD-0130,Non-Clinical > Food & Beverages > Processed Foods > Pureed Lentils,Non-Clinical > Food & Beverages > Processed Foods > Pureed Lentils,71,exact,1.0,NC-0238,Non-Clinical > Food & Beverages > Processed Foods > Pureed Lentils > Pureed Lentils,
sydney_adventist,DBO].[CBORD-0131,Non-Clinical > Food & Beverages > Processed Foods > Pureed Veg,Non-Clinical > Food & Beverages > Processed Foods > Pureed Veg,281,exact,1.0,NC-0239,Non-Clinical > Food & Beverages > Processed Foods > Pureed Vegetables > Pureed Vegetables,
sydney_adventist,DBO].[CBORD-0132,Non-Clinical > Food & Beverages > Processed Foods > Quince Paste,Non-Clinical > Food & Beverages > Processed Foods > Quince Paste,13,exact,1.0,NC-0240,Non-Clinical > Food & Beverages > Processed Foods > Quince Paste > Quince Paste,
sydney_adventist,DBO].[CBORD-0133,Non-Clinical > Food & Beverages > Processed Foods > Ready To Eat Meals,Non-Clinical > Food & Beverages > Processed Foods > Ready To Eat Meals,222,exact,1.0,NC-0241,Non-Clinical > Food & Beverages > Processed Foods > Ready To Eat Meals > Ready To Eat Meals,
sydney_adventist,DBO].[CBORD-0134,Non-Clinical > Food & Beverages > Processed Foods > Salads,Non-Clinical > Food & Beverages > Processed Foods > Salads,70,exact,1.0,NC-0242,Non-Clinical > Food & Beverages > Processed Foods > Salads > Salads,
sydney_adventist,DBO].[CBORD-0135,Non-Clinical > Food & Beverages > Processed Foods > Snacks,Non-Clinical > Food & Beverages > Processed Foods > Snacks,3927,exact,1.0,NC-0243,Non-Clinical > Food & Beverages > Processed Foods > Snacks > Snacks,
sydney_adventist,DBO].[CBORD-0136,Non-Clinical > Food & Beverages > Processed Foods > Soup,Non-Clinical > Food & Beverages > Processed Foods > Soup,354,exact,1.0,NC-0244,Non-Clinical > Food & Beverages > Processed Foods > Soup > Soup,
sydney_adventist,DBO].[CBORD-0137,Non-Clinical > Food & Beverages > Processed Foods > Spreads,Non-Clinical > Food & Beverages > Processed Foods > Spreads,279,exact,1.0,NC-0245,Non-Clinical > Food & Beverages > Processed Foods > Spreads > Spreads,
sydney_adventist,DBO].[CBORD-0138,Non-Clinical > Food & Beverages > Processed Foods > Tomatoes,Non-Clinical > Food & Beverages > Processed Foods > Tomatoes,378,exact,1.0,NC-0246,Non-Clinical > Food & Beverages > Processed Foods > Tomatoes > Tomatoes,
sydney_adventist,DBO].[CBORD-0139,Non-Clinical > Food & Beverages > Processed Foods > Vegemite,Non-Clinical > Food & Beverages > Processed Foods > Vegemite,129,exact,1.0,NC-0247,Non-Clinical > Food & Beverages > Processed Foods > Vegemite > Vegemite,
sydney_adventist,DBO].[CBORD-0140,Non-Clinical > Food & Beverages > Processed Foods > Vegetables,Non-Clinical > Food & Beverages > Processed Foods > Vegetables,845,exact,1.0,NC-0248,Non-Clinical > Food & Beverages > Processed Foods > Vegetables > Vegetables,
sydney_adventist,DBO].[CBORD-0141,Non-Clinical > Food & Beverages > Processed Fruits,Non-Clinical > Food & Beverages > Processed Fruits,18,ruled_mapped,1.0,NC-0234,Non-Clinical > Food & Beverages > Processed Foods > Processed Fruits > Processed Fruits,YES
sydney_adventist,DBO].[CBORD-0142,Non-Clinical > Food & Beverages > Protein Products - Veg > Pureed Lentils,Non-Clinical > Food & Beverages > Protein Products - Veg > Pureed Lentils,94,exact,1.0,NC-0249,Non-Clinical > Food & Beverages > Protein Products - Veg > Pureed Lentils > Pureed Lentils,
sydney_adventist,DBO].[CBORD-0143,Non-Clinical > Food & Beverages > Protein Products - Veg > Snacks,Non-Clinical > Food & Beverages > Protein Products - Veg > Snacks,230,exact,1.0,NC-0250,Non-Clinical > Food & Beverages > Protein Products - Veg > Snacks > Snacks,
sydney_adventist,DBO].[CBORD-0144,Non-Clinical > Food & Beverages > Protein Products - Veg > Tofu,Non-Clinical > Food & Beverages > Protein Products - Veg > Tofu,481,exact,1.0,NC-0251,Non-Clinical > Food & Beverages > Protein Products - Veg > Tofu > Tofu,
sydney_adventist,DBO].[CBORD-0145,Non-Clinical > Food & Beverages > Protein Products - Veg > Vegeterian,Non-Clinical > Food & Beverages > Protein Products - Veg > Vegeterian,251,exact,1.0,NC-0252,Non-Clinical > Food & Beverages > Protein Products - Veg > Vegetarian > Vegetarian,
sydney_adventist,DBO].[CBORD-0146,Non-Clinical > Food & Beverages > Ready Made Meals,Non-Clinical > Food & Beverages > Ready Made Meals,4,ruled_mapped,1.0,NC-0259,Non-Clinical > Food & Beverages > Ready to Eat meals > Ready to Eat meals - Other > Ready to Eat meals - Other,YES
sydney_adventist,DBO].[CBORD-0148,Non-Clinical > Food & Beverages > Ready to Eat meals > Lamb,Non-Clinical > Food & Beverages > Ready to Eat meals > Lamb,2,exact,1.0,NC-0253,Non-Clinical > Food & Beverages > Ready to Eat meals > Lamb > Lamb,
sydney_adventist,DBO].[CBORD-0149,Non-Clinical > Food & Beverages > Ready to Eat meals > Lasagne,Non-Clinical > Food & Beverages > Ready to Eat meals > Lasagne,3,exact,1.0,NC-0254,Non-Clinical > Food & Beverages > Ready to Eat meals > Lasagne > Lasagne,
sydney_adventist,DBO].[CBORD-0150,Non-Clinical > Food & Beverages > Ready to Eat meals > Mince,Non-Clinical > Food & Beverages > Ready to Eat meals > Mince,48,exact,1.0,NC-0255,Non-Clinical > Food & Beverages > Ready to Eat meals > Mince > Mince,
sydney_adventist,DBO].[CBORD-0151,Non-Clinical > Food & Beverages > Ready to Eat meals > Noodles,Non-Clinical > Food & Beverages > Ready to Eat meals > Noodles,68,exact,1.0,NC-0256,Non-Clinical > Food & Beverages > Ready to Eat meals > Noodles > Noodles,
sydney_adventist,DBO].[CBORD-0152,Non-Clinical > Food & Beverages > Ready to Eat meals > Pasta,Non-Clinical > Food & Beverages > Ready to Eat meals > Pasta,252,exact,1.0,NC-0257,Non-Clinical > Food & Beverages > Ready to Eat meals > Pasta > Pasta,
sydney_adventist,DBO].[CBORD-0153,Non-Clinical > Food & Beverages > Ready to Eat meals > Poultry,Non-Clinical > Food & Beverages > Ready to Eat meals > Poultry,35,exact,1.0,NC-0258,Non-Clinical > Food & Beverages > Ready to Eat meals > Poultry > Poultry,
sydney_adventist,DBO].[CBORD-0147,Non-Clinical > Food & Beverages > Ready to Eat meals,Non-Clinical > Food & Beverages > Ready to Eat meals,16,ruled_mapped,1.0,NC-0259,Non-Clinical > Food & Beverages > Ready to Eat meals > Ready to Eat meals - Other > Ready to Eat meals - Other,YES
sydney_adventist,DBO].[CBORD-0154,Non-Clinical > Food & Beverages > Ready to Eat meals > Snacks,Non-Clinical > Food & Beverages > Ready to Eat meals > Snacks,361,exact,1.0,NC-0260,Non-Clinical > Food & Beverages > Ready to Eat meals > Snacks > Snacks,
sydney_adventist,DBO].[CBORD-0155,Non-Clinical > Food & Beverages > Ready to Eat meals > Sushi,Non-Clinical > Food & Beverages > Ready to Eat meals > Sushi,2361,exact,1.0,NC-0261,Non-Clinical > Food & Beverages > Ready to Eat meals > Sushi > Sushi,
sydney_adventist,DBO].[CBORD-0156,Non-Clinical > Food & Beverages > Ready to Eat meals > Vegeterian,Non-Clinical > Food & Beverages > Ready to Eat meals > Vegeterian,196,exact,1.0,NC-0262,Non-Clinical > Food & Beverages > Ready to Eat meals > Vegetarian > Vegetarian,
sydney_adventist,DBO].[CBORD-0157,Non-Clinical > Food & Beverages > Thickining agent > Food Thickener,Non-Clinical > Food & Beverages > Thickining agent > Food Thickener,54,ruled_mapped,1.0,NC-0187,Non-Clinical > Food & Beverages > Food Thickener > Food Thickener > Food Thickener,YES
sydney_adventist,DBO].[CBORD-0099,Non-Clinical > Food & Beverages > Meat,Non-Clinical > Food & Beverages > Meat,20,ruled_mapped,1.0,NC-0203,Non-Clinical > Food & Beverages > Meat > Meat - Other > Meat - Other,YES
sydney_adventist,DBO].[CBORD-0112,Non-Clinical > Food & Beverages > Preserverd Food,Non-Clinical > Food & Beverages > Preserverd Food,4066,dropped_by_ruling,1.0,,,YES
